league,season,matchday,home_team,away_team,date,home_goals,away_goals
SA,2024,1,Genoa,Inter,2024-08-17T16:30:00Z,2,2
SA,2024,1,Parma,Fiorentina,2024-08-17T16:30:00Z,1,1
SA,2024,1,Empoli,Monza,2024-08-17T18:45:00Z,0,0
SA,2024,1,Milan,Torino,2024-08-17T18:45:00Z,2,2
SA,2024,1,Bologna,Udinese,2024-08-18T16:30:00Z,1,1
SA,2024,1,Verona,Napoli,2024-08-18T16:30:00Z,3,0
SA,2024,1,Cagliari,Roma,2024-08-18T18:45:00Z,0,0
SA,2024,1,Lazio,Venezia,2024-08-18T18:45:00Z,3,1
SA,2024,1,Lecce,Atalanta,2024-08-19T16:30:00Z,0,4
SA,2024,1,Juventus,Como,2024-08-19T18:45:00Z,3,0
SA,2024,2,Parma,Milan,2024-08-24T16:30:00Z,2,1
SA,2024,2,Udinese,Lazio,2024-08-24T16:30:00Z,2,1
SA,2024,2,Inter,Lecce,2024-08-24T18:45:00Z,2,0
SA,2024,2,Monza,Genoa,2024-08-24T18:45:00Z,0,1
SA,2024,2,Fiorentina,Venezia,2024-08-25T16:30:00Z,0,0
SA,2024,2,Torino,Atalanta,2024-08-25T16:30:00Z,2,1
SA,2024,2,Napoli,Bologna,2024-08-25T18:45:00Z,3,0
SA,2024,2,Roma,Empoli,2024-08-25T18:45:00Z,1,2
SA,2024,2,Cagliari,Como,2024-08-26T16:30:00Z,1,1
SA,2024,2,Verona,Juventus,2024-08-26T18:45:00Z,0,3
SA,2024,3,Venezia,Torino,2024-08-30T16:30:00Z,0,1
SA,2024,3,Inter,Atalanta,2024-08-30T18:45:00Z,4,0
SA,2024,3,Bologna,Empoli,2024-08-31T16:30:00Z,1,1
SA,2024,3,Lecce,Cagliari,2024-08-31T16:30:00Z,1,0
SA,2024,3,Lazio,Milan,2024-08-31T18:45:00Z,2,2
SA,2024,3,Napoli,Parma,2024-08-31T18:45:00Z,2,1
SA,2024,3,Fiorentina,Monza,2024-09-01T16:30:00Z,2,2
SA,2024,3,Genoa,Verona,2024-09-01T16:30:00Z,0,2
SA,2024,3,Juventus,Roma,2024-09-01T18:45:00Z,0,0
SA,2024,3,Udinese,Como,2024-09-01T18:45:00Z,1,0
SA,2024,4,Como,Bologna,2024-09-14T13:00:00Z,2,2
SA,2024,4,Empoli,Juventus,2024-09-14T16:00:00Z,0,0
SA,2024,4,Milan,Venezia,2024-09-14T18:45:00Z,4,0
SA,2024,4,Genoa,Roma,2024-09-15T10:30:00Z,1,1
SA,2024,4,Atalanta,Fiorentina,2024-09-15T13:00:00Z,3,2
SA,2024,4,Torino,Lecce,2024-09-15T13:00:00Z,0,0
SA,2024,4,Cagliari,Napoli,2024-09-15T16:00:00Z,0,4
SA,2024,4,Monza,Inter,2024-09-15T18:45:00Z,1,1
SA,2024,4,Parma,Udinese,2024-09-16T16:30:00Z,2,3
SA,2024,4,Lazio,Verona,2024-09-16T18:45:00Z,2,1
SA,2024,5,Cagliari,Empoli,2024-09-20T16:30:00Z,0,2
SA,2024,5,Verona,Torino,2024-09-20T18:45:00Z,2,3
SA,2024,5,Venezia,Genoa,2024-09-21T13:00:00Z,2,0
SA,2024,5,Juventus,Napoli,2024-09-21T16:00:00Z,0,0
SA,2024,5,Lecce,Parma,2024-09-21T18:45:00Z,2,2
SA,2024,5,Fiorentina,Lazio,2024-09-22T10:30:00Z,2,1
SA,2024,5,Monza,Bologna,2024-09-22T13:00:00Z,1,2
SA,2024,5,Roma,Udinese,2024-09-22T16:00:00Z,3,0
SA,2024,5,Inter,Milan,2024-09-22T18:45:00Z,1,2
SA,2024,5,Atalanta,Como,2024-09-24T18:45:00Z,2,3
SA,2024,6,Milan,Lecce,2024-09-27T18:45:00Z,3,0
SA,2024,6,Udinese,Inter,2024-09-28T13:00:00Z,2,3
SA,2024,6,Genoa,Juventus,2024-09-28T16:00:00Z,0,3
SA,2024,6,Bologna,Atalanta,2024-09-28T18:45:00Z,1,1
SA,2024,6,Torino,Lazio,2024-09-29T10:30:00Z,2,3
SA,2024,6,Como,Verona,2024-09-29T13:00:00Z,3,2
SA,2024,6,Roma,Venezia,2024-09-29T13:00:00Z,2,1
SA,2024,6,Empoli,Fiorentina,2024-09-29T16:00:00Z,0,0
SA,2024,6,Napoli,Monza,2024-09-29T18:45:00Z,2,0
SA,2024,6,Parma,Cagliari,2024-09-30T18:45:00Z,2,3
SA,2024,7,Napoli,Como,2024-10-04T16:30:00Z,3,1
SA,2024,7,Verona,Venezia,2024-10-04T18:45:00Z,2,1
SA,2024,7,Udinese,Lecce,2024-10-05T13:00:00Z,1,0
SA,2024,7,Atalanta,Genoa,2024-10-05T16:00:00Z,5,1
SA,2024,7,Inter,Torino,2024-10-05T18:45:00Z,3,2
SA,2024,7,Juventus,Cagliari,2024-10-06T10:30:00Z,1,1
SA,2024,7,Bologna,Parma,2024-10-06T13:00:00Z,0,0
SA,2024,7,Lazio,Empoli,2024-10-06T13:00:00Z,2,1
SA,2024,7,Monza,Roma,2024-10-06T16:00:00Z,1,1
SA,2024,7,Fiorentina,Milan,2024-10-06T18:45:00Z,2,1
SA,2024,8,Como,Parma,2024-10-19T13:00:00Z,1,1
SA,2024,8,Genoa,Bologna,2024-10-19T13:00:00Z,2,2
SA,2024,8,Milan,Udinese,2024-10-19T16:00:00Z,1,0
SA,2024,8,Juventus,Lazio,2024-10-19T18:45:00Z,1,0
SA,2024,8,Empoli,Napoli,2024-10-20T10:30:00Z,0,1
SA,2024,8,Lecce,Fiorentina,2024-10-20T13:00:00Z,0,6
SA,2024,8,Venezia,Atalanta,2024-10-20T13:00:00Z,0,2
SA,2024,8,Cagliari,Torino,2024-10-20T16:00:00Z,3,2
SA,2024,8,Roma,Inter,2024-10-20T18:45:00Z,0,1
SA,2024,8,Verona,Monza,2024-10-21T18:45:00Z,0,3
SA,2024,9,Udinese,Cagliari,2024-10-25T16:30:00Z,2,0
SA,2024,9,Torino,Como,2024-10-25T18:45:00Z,1,0
SA,2024,9,Napoli,Lecce,2024-10-26T13:00:00Z,1,0
SA,2024,9,Atalanta,Verona,2024-10-26T18:45:00Z,6,1
SA,2024,9,Parma,Empoli,2024-10-27T11:30:00Z,1,1
SA,2024,9,Lazio,Genoa,2024-10-27T14:00:00Z,3,0
SA,2024,9,Monza,Venezia,2024-10-27T14:00:00Z,2,2
SA,2024,9,Inter,Juventus,2024-10-27T17:00:00Z,4,4
SA,2024,9,Fiorentina,Roma,2024-10-27T19:45:00Z,5,1
SA,2024,10,Cagliari,Bologna,2024-10-29T17:30:00Z,0,2
SA,2024,10,Lecce,Verona,2024-10-29T17:30:00Z,1,0
SA,2024,10,Milan,Napoli,2024-10-29T19:45:00Z,0,2
SA,2024,10,Empoli,Inter,2024-10-30T17:30:00Z,0,3
SA,2024,10,Venezia,Udinese,2024-10-30T17:30:00Z,3,2
SA,2024,10,Atalanta,Monza,2024-10-30T19:45:00Z,2,0
SA,2024,10,Juventus,Parma,2024-10-30T19:45:00Z,2,2
SA,2024,10,Genoa,Fiorentina,2024-10-31T17:30:00Z,0,1
SA,2024,10,Como,Lazio,2024-10-31T19:45:00Z,1,5
SA,2024,10,Roma,Torino,2024-10-31T19:45:00Z,1,0
SA,2024,11,Bologna,Lecce,2024-11-02T14:00:00Z,1,0
SA,2024,11,Udinese,Juventus,2024-11-02T17:00:00Z,0,2
SA,2024,11,Monza,Milan,2024-11-02T19:45:00Z,0,1
SA,2024,11,Napoli,Atalanta,2024-11-03T11:30:00Z,0,3
SA,2024,11,Torino,Fiorentina,2024-11-03T14:00:00Z,0,1
SA,2024,11,Verona,Roma,2024-11-03T17:00:00Z,3,2
SA,2024,11,Inter,Venezia,2024-11-03T19:45:00Z,1,0
SA,2024,11,Empoli,Como,2024-11-04T17:30:00Z,1,0
SA,2024,11,Parma,Genoa,2024-11-04T17:30:00Z,0,1
SA,2024,11,Lazio,Cagliari,2024-11-04T19:45:00Z,2,1
SA,2024,12,Genoa,Como,2024-11-07T19:45:00Z,1,1
SA,2024,12,Lecce,Empoli,2024-11-08T19:45:00Z,1,1
SA,2024,12,Venezia,Parma,2024-11-09T14:00:00Z,1,2
SA,2024,12,Cagliari,Milan,2024-11-09T17:00:00Z,3,3
SA,2024,12,Juventus,Torino,2024-11-09T19:45:00Z,2,0
SA,2024,12,Atalanta,Udinese,2024-11-10T11:30:00Z,2,1
SA,2024,12,Fiorentina,Verona,2024-11-10T14:00:00Z,3,1
SA,2024,12,Roma,Bologna,2024-11-10T14:00:00Z,2,3
SA,2024,12,Monza,Lazio,2024-11-10T17:00:00Z,0,1
SA,2024,12,Inter,Napoli,2024-11-10T19:45:00Z,1,1
SA,2024,13,Verona,Inter,2024-11-23T14:00:00Z,0,5
SA,2024,13,Milan,Juventus,2024-11-23T17:00:00Z,0,0
SA,2024,13,Parma,Atalanta,2024-11-23T19:45:00Z,1,3
SA,2024,13,Genoa,Cagliari,2024-11-24T11:30:00Z,2,2
SA,2024,13,Como,Fiorentina,2024-11-24T14:00:00Z,0,2
SA,2024,13,Torino,Monza,2024-11-24T14:00:00Z,1,1
SA,2024,13,Napoli,Roma,2024-11-24T17:00:00Z,1,0
SA,2024,13,Lazio,Bologna,2024-11-24T19:45:00Z,3,0
SA,2024,13,Empoli,Udinese,2024-11-25T17:30:00Z,1,1
SA,2024,13,Venezia,Lecce,2024-11-25T19:45:00Z,0,1
SA,2024,14,Cagliari,Verona,2024-11-29T19:45:00Z,1,0
SA,2024,14,Como,Monza,2024-11-30T14:00:00Z,1,1
SA,2024,14,Milan,Empoli,2024-11-30T17:00:00Z,3,0
SA,2024,14,Bologna,Venezia,2024-11-30T19:45:00Z,3,0
SA,2024,14,Udinese,Genoa,2024-12-01T11:30:00Z,0,2
SA,2024,14,Parma,Lazio,2024-12-01T14:00:00Z,3,1
SA,2024,14,Torino,Napoli,2024-12-01T14:00:00Z,0,1
SA,2024,14,Lecce,Juventus,2024-12-01T19:45:00Z,1,1
SA,2024,14,Roma,Atalanta,2024-12-02T19:45:00Z,0,2
SA,2024,15,Inter,Parma,2024-12-06T17:30:00Z,3,1
SA,2024,15,Atalanta,Milan,2024-12-06T19:45:00Z,2,1
SA,2024,15,Genoa,Torino,2024-12-07T14:00:00Z,0,0
SA,2024,15,Juventus,Bologna,2024-12-07T17:00:00Z,2,2
SA,2024,15,Roma,Lecce,2024-12-07T19:45:00Z,4,1
SA,2024,15,Fiorentina,Cagliari,2024-12-08T11:30:00Z,1,0
SA,2024,15,Verona,Empoli,2024-12-08T14:00:00Z,1,4
SA,2024,15,Venezia,Como,2024-12-08T17:00:00Z,2,2
SA,2024,15,Napoli,Lazio,2024-12-08T19:45:00Z,0,1
SA,2024,15,Monza,Udinese,2024-12-09T19:45:00Z,1,2
SA,2024,16,Empoli,Torino,2024-12-13T19:45:00Z,0,1
SA,2024,16,Cagliari,Atalanta,2024-12-14T14:00:00Z,0,1
SA,2024,16,Udinese,Napoli,2024-12-14T17:00:00Z,1,3
SA,2024,16,Juventus,Venezia,2024-12-14T19:45:00Z,2,2
SA,2024,16,Lecce,Monza,2024-12-15T11:30:00Z,2,1
SA,2024,16,Bologna,Fiorentina,2024-12-15T14:00:00Z,1,0
SA,2024,16,Parma,Verona,2024-12-15T14:00:00Z,2,3
SA,2024,16,Como,Roma,2024-12-15T17:00:00Z,2,0
SA,2024,16,Milan,Genoa,2024-12-15T19:45:00Z,0,0
SA,2024,16,Lazio,Inter,2024-12-16T19:45:00Z,0,6
SA,2024,17,Verona,Milan,2024-12-20T19:45:00Z,0,1
SA,2024,17,Torino,Bologna,2024-12-21T14:00:00Z,0,2
SA,2024,17,Genoa,Napoli,2024-12-21T17:00:00Z,1,2
SA,2024,17,Lecce,Lazio,2024-12-21T19:45:00Z,1,2
SA,2024,17,Roma,Parma,2024-12-22T11:30:00Z,5,0
SA,2024,17,Venezia,Cagliari,2024-12-22T14:00:00Z,2,1
SA,2024,17,Atalanta,Empoli,2024-12-22T17:00:00Z,3,2
SA,2024,17,Monza,Juventus,2024-12-22T19:45:00Z,1,2
SA,2024,17,Fiorentina,Udinese,2024-12-23T17:30:00Z,1,2
SA,2024,17,Inter,Como,2024-12-23T19:45:00Z,2,0
SA,2024,18,Empoli,Genoa,2024-12-28T14:00:00Z,1,2
SA,2024,18,Parma,Monza,2024-12-28T14:00:00Z,2,1
SA,2024,18,Cagliari,Inter,2024-12-28T17:00:00Z,0,3
SA,2024,18,Lazio,Atalanta,2024-12-28T19:45:00Z,1,1
SA,2024,18,Udinese,Torino,2024-12-29T11:30:00Z,2,2
SA,2024,18,Napoli,Venezia,2024-12-29T14:00:00Z,1,0
SA,2024,18,Juventus,Fiorentina,2024-12-29T17:00:00Z,2,2
SA,2024,18,Milan,Roma,2024-12-29T19:45:00Z,1,1
SA,2024,18,Como,Lecce,2024-12-30T17:30:00Z,2,0
SA,2024,18,Bologna,Verona,2024-12-30T19:45:00Z,2,3
SA,2024,19,Venezia,Empoli,2025-01-04T14:00:00Z,1,1
SA,2024,19,Fiorentina,Napoli,2025-01-04T17:00:00Z,0,3
SA,2024,19,Verona,Udinese,2025-01-04T19:45:00Z,0,0
SA,2024,19,Monza,Cagliari,2025-01-05T11:30:00Z,1,2
SA,2024,19,Lecce,Genoa,2025-01-05T14:00:00Z,0,0
SA,2024,19,Torino,Parma,2025-01-05T17:00:00Z,0,0
SA,2024,19,Roma,Lazio,2025-01-05T19:45:00Z,2,0
SA,2024,20,Lazio,Como,2025-01-10T19:45:00Z,1,1
SA,2024,20,Empoli,Lecce,2025-01-11T14:00:00Z,1,3
SA,2024,20,Udinese,Atalanta,2025-01-11T14:00:00Z,0,0
SA,2024,20,Torino,Juventus,2025-01-11T17:00:00Z,1,1
SA,2024,20,Milan,Cagliari,2025-01-11T19:45:00Z,1,1
SA,2024,20,Genoa,Parma,2025-01-12T11:30:00Z,1,0
SA,2024,20,Venezia,Inter,2025-01-12T14:00:00Z,0,1
SA,2024,20,Bologna,Roma,2025-01-12T17:00:00Z,2,2
SA,2024,20,Napoli,Verona,2025-01-12T19:45:00Z,2,0
SA,2024,20,Monza,Fiorentina,2025-01-13T19:45:00Z,2,1
SA,2024,19,Como,Milan,2025-01-14T17:30:00Z,1,2
SA,2024,19,Atalanta,Juventus,2025-01-14T19:45:00Z,1,1
SA,2024,19,Inter,Bologna,2025-01-15T19:45:00Z,2,2
SA,2024,21,Roma,Genoa,2025-01-17T19:45:00Z,3,1
SA,2024,21,Bologna,Monza,2025-01-18T14:00:00Z,3,1
SA,2024,21,Juventus,Milan,2025-01-18T17:00:00Z,2,0
SA,2024,21,Atalanta,Napoli,2025-01-18T19:45:00Z,2,3
SA,2024,21,Fiorentina,Torino,2025-01-19T11:30:00Z,1,1
SA,2024,21,Cagliari,Lecce,2025-01-19T14:00:00Z,4,1
SA,2024,21,Parma,Venezia,2025-01-19T14:00:00Z,1,1
SA,2024,21,Verona,Lazio,2025-01-19T17:00:00Z,0,3
SA,2024,21,Inter,Empoli,2025-01-19T19:45:00Z,3,1
SA,2024,21,Como,Udinese,2025-01-20T19:45:00Z,4,1
SA,2024,22,Torino,Cagliari,2025-01-24T19:45:00Z,2,0
SA,2024,22,Como,Atalanta,2025-01-25T14:00:00Z,1,2
SA,2024,22,Napoli,Juventus,2025-01-25T17:00:00Z,2,1
SA,2024,22,Empoli,Bologna,2025-01-25T19:45:00Z,1,1
SA,2024,22,Milan,Parma,2025-01-26T11:30:00Z,3,2
SA,2024,22,Udinese,Roma,2025-01-26T14:00:00Z,1,2
SA,2024,22,Lecce,Inter,2025-01-26T17:00:00Z,0,4
SA,2024,22,Lazio,Fiorentina,2025-01-26T19:45:00Z,1,2
SA,2024,22,Venezia,Verona,2025-01-27T17:30:00Z,1,1
SA,2024,22,Genoa,Monza,2025-01-27T19:45:00Z,2,0
SA,2024,23,Parma,Lecce,2025-01-31T19:45:00Z,1,3
SA,2024,23,Monza,Verona,2025-02-01T14:00:00Z,0,1
SA,2024,23,Udinese,Venezia,2025-02-01T14:00:00Z,3,2
SA,2024,23,Atalanta,Torino,2025-02-01T17:00:00Z,1,1
SA,2024,23,Bologna,Como,2025-02-01T19:45:00Z,2,0
SA,2024,23,Juventus,Empoli,2025-02-02T11:30:00Z,4,1
SA,2024,23,Fiorentina,Genoa,2025-02-02T14:00:00Z,2,1
SA,2024,23,Milan,Inter,2025-02-02T17:00:00Z,1,1
SA,2024,23,Roma,Napoli,2025-02-02T19:45:00Z,1,1
SA,2024,23,Cagliari,Lazio,2025-02-03T19:45:00Z,1,2
SA,2024,14,Fiorentina,Inter,2025-02-06T19:45:00Z,3,0
SA,2024,24,Como,Juventus,2025-02-07T19:45:00Z,1,2
SA,2024,24,Verona,Atalanta,2025-02-08T14:00:00Z,0,5
SA,2024,24,Empoli,Milan,2025-02-08T17:00:00Z,0,2
SA,2024,24,Torino,Genoa,2025-02-08T19:45:00Z,1,1
SA,2024,24,Venezia,Roma,2025-02-09T11:30:00Z,0,1
SA,2024,24,Cagliari,Parma,2025-02-09T14:00:00Z,2,1
SA,2024,24,Lazio,Monza,2025-02-09T14:00:00Z,5,1
SA,2024,24,Lecce,Bologna,2025-02-09T17:00:00Z,0,0
SA,2024,24,Napoli,Udinese,2025-02-09T19:45:00Z,1,1
SA,2024,24,Inter,Fiorentina,2025-02-10T19:45:00Z,2,1
SA,2024,25,Bologna,Torino,2025-02-14T19:45:00Z,3,2
SA,2024,25,Atalanta,Cagliari,2025-02-15T14:00:00Z,0,0
SA,2024,25,Lazio,Napoli,2025-02-15T17:00:00Z,2,2
SA,2024,25,Milan,Verona,2025-02-15T19:45:00Z,1,0
SA,2024,25,Fiorentina,Como,2025-02-16T11:30:00Z,0,2
SA,2024,25,Monza,Lecce,2025-02-16T14:00:00Z,0,0
SA,2024,25,Udinese,Empoli,2025-02-16T14:00:00Z,3,0
SA,2024,25,Parma,Roma,2025-02-16T17:00:00Z,0,1
SA,2024,25,Juventus,Inter,2025-02-16T19:45:00Z,1,0
SA,2024,25,Genoa,Venezia,2025-02-17T19:45:00Z,2,0
SA,2024,26,Lecce,Udinese,2025-02-21T19:45:00Z,0,1
SA,2024,26,Parma,Bologna,2025-02-22T14:00:00Z,2,0
SA,2024,26,Venezia,Lazio,2025-02-22T14:00:00Z,0,0
SA,2024,26,Torino,Milan,2025-02-22T17:00:00Z,2,1
SA,2024,26,Inter,Genoa,2025-02-22T19:45:00Z,1,0
SA,2024,26,Como,Napoli,2025-02-23T11:30:00Z,2,1
SA,2024,26,Verona,Fiorentina,2025-02-23T14:00:00Z,1,0
SA,2024,26,Empoli,Atalanta,2025-02-23T17:00:00Z,0,5
SA,2024,26,Cagliari,Juventus,2025-02-23T19:45:00Z,0,1
SA,2024,26,Roma,Monza,2025-02-24T19:45:00Z,4,0
SA,2024,9,Bologna,Milan,2025-02-27T19:45:00Z,2,1
SA,2024,27,Fiorentina,Lecce,2025-02-28T19:45:00Z,1,0
SA,2024,27,Atalanta,Venezia,2025-03-01T14:00:00Z,0,0
SA,2024,27,Napoli,Inter,2025-03-01T17:00:00Z,1,1
SA,2024,27,Udinese,Parma,2025-03-01T19:45:00Z,1,0
SA,2024,27,Monza,Torino,2025-03-02T11:30:00Z,0,2
SA,2024,27,Bologna,Cagliari,2025-03-02T14:00:00Z,2,1
SA,2024,27,Genoa,Empoli,2025-03-02T14:00:00Z,1,1
SA,2024,27,Roma,Como,2025-03-02T17:00:00Z,2,1
SA,2024,27,Milan,Lazio,2025-03-02T19:45:00Z,1,2
SA,2024,27,Juventus,Verona,2025-03-03T19:45:00Z,2,0
SA,2024,28,Cagliari,Genoa,2025-03-07T19:45:00Z,1,1
SA,2024,28,Como,Venezia,2025-03-08T14:00:00Z,1,1
SA,2024,28,Parma,Torino,2025-03-08T14:00:00Z,2,2
SA,2024,28,Lecce,Milan,2025-03-08T17:00:00Z,2,3
SA,2024,28,Inter,Monza,2025-03-08T19:45:00Z,3,2
SA,2024,28,Verona,Bologna,2025-03-09T11:30:00Z,1,2
SA,2024,28,Napoli,Fiorentina,2025-03-09T14:00:00Z,2,1
SA,2024,28,Empoli,Roma,2025-03-09T17:00:00Z,0,1
SA,2024,28,Juventus,Atalanta,2025-03-09T19:45:00Z,0,4
SA,2024,28,Lazio,Udinese,2025-03-10T19:45:00Z,1,1
SA,2024,29,Genoa,Lecce,2025-03-14T19:45:00Z,2,1
SA,2024,29,Monza,Parma,2025-03-15T14:00:00Z,1,1
SA,2024,29,Udinese,Verona,2025-03-15T14:00:00Z,0,1
SA,2024,29,Milan,Como,2025-03-15T17:00:00Z,2,1
SA,2024,29,Torino,Empoli,2025-03-15T19:45:00Z,1,0
SA,2024,29,Venezia,Napoli,2025-03-16T11:30:00Z,0,0
SA,2024,29,Bologna,Lazio,2025-03-16T14:00:00Z,5,0
SA,2024,29,Roma,Cagliari,2025-03-16T15:00:00Z,1,0
SA,2024,29,Fiorentina,Juventus,2025-03-16T17:00:00Z,3,0
SA,2024,29,Atalanta,Inter,2025-03-16T19:45:00Z,0,2
SA,2024,30,Como,Empoli,2025-03-29T14:00:00Z,1,1
SA,2024,30,Venezia,Bologna,2025-03-29T14:00:00Z,0,1
SA,2024,30,Juventus,Genoa,2025-03-29T17:00:00Z,1,0
SA,2024,30,Lecce,Roma,2025-03-29T19:45:00Z,0,1
SA,2024,30,Cagliari,Monza,2025-03-30T10:30:00Z,3,0
SA,2024,30,Fiorentina,Atalanta,2025-03-30T13:00:00Z,1,0
SA,2024,30,Inter,Udinese,2025-03-30T16:00:00Z,2,1
SA,2024,30,Napoli,Milan,2025-03-30T18:45:00Z,2,1
SA,2024,30,Verona,Parma,2025-03-31T16:30:00Z,0,0
SA,2024,30,Lazio,Torino,2025-03-31T18:45:00Z,1,1
SA,2024,31,Genoa,Udinese,2025-04-04T18:45:00Z,1,0
SA,2024,31,Monza,Como,2025-04-05T13:00:00Z,1,3
SA,2024,31,Parma,Inter,2025-04-05T16:00:00Z,2,2
SA,2024,31,Milan,Fiorentina,2025-04-05T18:45:00Z,2,2
SA,2024,31,Lecce,Venezia,2025-04-06T10:30:00Z,1,1
SA,2024,31,Empoli,Cagliari,2025-04-06T13:00:00Z,0,0
SA,2024,31,Torino,Verona,2025-04-06T13:00:00Z,1,1
SA,2024,31,Atalanta,Lazio,2025-04-06T16:00:00Z,0,1
SA,2024,31,Roma,Juventus,2025-04-06T18:45:00Z,1,1
SA,2024,31,Bologna,Napoli,2025-04-07T18:45:00Z,1,1
SA,2024,32,Udinese,Milan,2025-04-11T18:45:00Z,0,4
SA,2024,32,Venezia,Monza,2025-04-12T13:00:00Z,1,0
SA,2024,32,Inter,Cagliari,2025-04-12T16:00:00Z,3,1
SA,2024,32,Juventus,Lecce,2025-04-12T18:45:00Z,2,1
SA,2024,32,Atalanta,Bologna,2025-04-13T10:30:00Z,2,0
SA,2024,32,Fiorentina,Parma,2025-04-13T13:00:00Z,0,0
SA,2024,32,Verona,Genoa,2025-04-13T13:00:00Z,0,0
SA,2024,32,Como,Torino,2025-04-13T16:00:00Z,1,0
SA,2024,32,Lazio,Roma,2025-04-13T18:45:00Z,1,1
SA,2024,32,Napoli,Empoli,2025-04-14T18:45:00Z,3,0
SA,2024,33,Lecce,Como,2025-04-19T13:00:00Z,0,3
SA,2024,33,Monza,Napoli,2025-04-19T16:00:00Z,0,1
SA,2024,33,Roma,Verona,2025-04-19T18:45:00Z,1,0
SA,2024,33,Empoli,Venezia,2025-04-20T13:00:00Z,2,2
SA,2024,33,Bologna,Inter,2025-04-20T16:00:00Z,1,0
SA,2024,33,Milan,Atalanta,2025-04-20T18:45:00Z,0,1
SA,2024,33,Cagliari,Fiorentina,2025-04-23T16:30:00Z,1,2
SA,2024,33,Genoa,Lazio,2025-04-23T16:30:00Z,0,2
SA,2024,33,Parma,Juventus,2025-04-23T16:30:00Z,1,0
SA,2024,33,Torino,Udinese,2025-04-23T16:30:00Z,2,0
SA,2024,34,Como,Genoa,2025-04-27T10:30:00Z,1,0
SA,2024,34,Venezia,Milan,2025-04-27T10:30:00Z,0,2
SA,2024,34,Fiorentina,Empoli,2025-04-27T13:00:00Z,2,1
SA,2024,34,Inter,Roma,2025-04-27T13:00:00Z,0,1
SA,2024,34,Juventus,Monza,2025-04-27T16:00:00Z,2,0
SA,2024,34,Atalanta,Lecce,2025-04-27T18:45:00Z,1,1
SA,2024,34,Napoli,Torino,2025-04-27T18:45:00Z,2,0
SA,2024,34,Udinese,Bologna,2025-04-28T16:30:00Z,0,0
SA,2024,34,Verona,Cagliari,2025-04-28T18:45:00Z,0,2
SA,2024,34,Lazio,Parma,2025-04-28T18:45:00Z,2,2
SA,2024,35,Torino,Venezia,2025-05-02T18:45:00Z,1,1
SA,2024,35,Cagliari,Udinese,2025-05-03T13:00:00Z,1,2
SA,2024,35,Parma,Como,2025-05-03T13:00:00Z,0,1
SA,2024,35,Lecce,Napoli,2025-05-03T16:00:00Z,0,1
SA,2024,35,Inter,Verona,2025-05-03T18:45:00Z,1,0
SA,2024,35,Empoli,Lazio,2025-05-04T10:30:00Z,0,1
SA,2024,35,Monza,Atalanta,2025-05-04T13:00:00Z,0,4
SA,2024,35,Roma,Fiorentina,2025-05-04T16:00:00Z,1,0
SA,2024,35,Bologna,Juventus,2025-05-04T18:45:00Z,1,1
SA,2024,35,Genoa,Milan,2025-05-05T18:45:00Z,1,2
SA,2024,36,Milan,Bologna,2025-05-09T18:45:00Z,3,1
SA,2024,36,Como,Cagliari,2025-05-10T13:00:00Z,3,1
SA,2024,36,Lazio,Juventus,2025-05-10T16:00:00Z,1,1
SA,2024,36,Empoli,Parma,2025-05-10T18:45:00Z,2,1
SA,2024,36,Udinese,Monza,2025-05-11T10:30:00Z,1,2
SA,2024,36,Verona,Lecce,2025-05-11T13:00:00Z,1,1
SA,2024,36,Torino,Inter,2025-05-11T16:00:00Z,0,2
SA,2024,36,Napoli,Genoa,2025-05-11T18:45:00Z,2,2
SA,2024,36,Venezia,Fiorentina,2025-05-12T16:30:00Z,2,1
SA,2024,36,Atalanta,Roma,2025-05-12T18:45:00Z,2,1
SA,2024,37,Genoa,Atalanta,2025-05-17T18:45:00Z,2,3
SA,2024,37,Cagliari,Venezia,2025-05-18T18:45:00Z,3,0
SA,2024,37,Fiorentina,Bologna,2025-05-18T18:45:00Z,3,2
SA,2024,37,Verona,Como,2025-05-18T18:45:00Z,1,1
SA,2024,37,Inter,Lazio,2025-05-18T18:45:00Z,2,2
SA,2024,37,Juventus,Udinese,2025-05-18T18:45:00Z,2,0
SA,2024,37,Lecce,Torino,2025-05-18T18:45:00Z,1,0
SA,2024,37,Monza,Empoli,2025-05-18T18:45:00Z,1,3
SA,2024,37,Parma,Napoli,2025-05-18T18:45:00Z,0,0
SA,2024,37,Roma,Milan,2025-05-18T18:45:00Z,3,1
SA,2024,38,Como,Inter,2025-05-23T18:45:00Z,0,2
SA,2024,38,Napoli,Cagliari,2025-05-23T18:45:00Z,2,0
SA,2024,38,Bologna,Genoa,2025-05-24T16:00:00Z,1,3
SA,2024,38,Milan,Monza,2025-05-24T18:45:00Z,2,0
SA,2024,38,Atalanta,Parma,2025-05-25T18:45:00Z,2,3
SA,2024,38,Empoli,Verona,2025-05-25T18:45:00Z,1,2
SA,2024,38,Lazio,Lecce,2025-05-25T18:45:00Z,0,1
SA,2024,38,Torino,Roma,2025-05-25T18:45:00Z,0,2
SA,2024,38,Udinese,Fiorentina,2025-05-25T18:45:00Z,2,3
SA,2024,38,Venezia,Juventus,2025-05-25T18:45:00Z,2,3
SA,2023,1,Empoli,Verona,2023-08-19T16:30:00Z,0,1
SA,2023,1,Frosinone Calcio,Napoli,2023-08-19T16:30:00Z,1,3
SA,2023,1,Genoa,Fiorentina,2023-08-19T18:45:00Z,1,4
SA,2023,1,Inter,Monza,2023-08-19T18:45:00Z,2,0
SA,2023,1,Roma,US Salernitana 1919,2023-08-20T16:30:00Z,2,2
SA,2023,1,Sassuolo,Atalanta,2023-08-20T16:30:00Z,0,2
SA,2023,1,Lecce,Lazio,2023-08-20T18:45:00Z,2,1
SA,2023,1,Udinese,Juventus,2023-08-20T18:45:00Z,0,3
SA,2023,1,Torino,Cagliari,2023-08-21T16:30:00Z,0,0
SA,2023,1,Bologna,Milan,2023-08-21T18:45:00Z,0,2
SA,2023,2,Frosinone Calcio,Atalanta,2023-08-26T16:30:00Z,2,1
SA,2023,2,Monza,Empoli,2023-08-26T16:30:00Z,2,0
SA,2023,2,Verona,Roma,2023-08-26T18:45:00Z,2,1
SA,2023,2,Milan,Torino,2023-08-26T18:45:00Z,4,1
SA,2023,2,Fiorentina,Lecce,2023-08-27T16:30:00Z,2,2
SA,2023,2,Juventus,Bologna,2023-08-27T16:30:00Z,1,1
SA,2023,2,Lazio,Genoa,2023-08-27T18:45:00Z,0,1
SA,2023,2,Napoli,Sassuolo,2023-08-27T18:45:00Z,2,0
SA,2023,2,US Salernitana 1919,Udinese,2023-08-28T16:30:00Z,1,1
SA,2023,2,Cagliari,Inter,2023-08-28T18:45:00Z,0,2
SA,2023,3,Sassuolo,Verona,2023-09-01T16:30:00Z,3,1
SA,2023,3,Roma,Milan,2023-09-01T18:45:00Z,1,2
SA,2023,3,Bologna,Cagliari,2023-09-02T16:30:00Z,2,1
SA,2023,3,Udinese,Frosinone Calcio,2023-09-02T16:30:00Z,0,0
SA,2023,3,Atalanta,Monza,2023-09-02T18:45:00Z,3,0
SA,2023,3,Napoli,Lazio,2023-09-02T18:45:00Z,1,2
SA,2023,3,Inter,Fiorentina,2023-09-03T16:30:00Z,4,0
SA,2023,3,Torino,Genoa,2023-09-03T16:30:00Z,1,0
SA,2023,3,Empoli,Juventus,2023-09-03T18:45:00Z,0,2
SA,2023,3,Lecce,US Salernitana 1919,2023-09-03T18:45:00Z,2,0
SA,2023,4,Juventus,Lazio,2023-09-16T13:00:00Z,3,1
SA,2023,4,Inter,Milan,2023-09-16T16:00:00Z,5,1
SA,2023,4,Genoa,Napoli,2023-09-16T18:45:00Z,2,2
SA,2023,4,Cagliari,Udinese,2023-09-17T10:30:00Z,0,0
SA,2023,4,Frosinone Calcio,Sassuolo,2023-09-17T13:00:00Z,4,2
SA,2023,4,Monza,Lecce,2023-09-17T13:00:00Z,1,1
SA,2023,4,Fiorentina,Atalanta,2023-09-17T16:00:00Z,3,2
SA,2023,4,Roma,Empoli,2023-09-17T18:45:00Z,7,0
SA,2023,4,US Salernitana 1919,Torino,2023-09-18T16:30:00Z,0,3
SA,2023,4,Verona,Bologna,2023-09-18T18:45:00Z,0,0
SA,2023,5,US Salernitana 1919,Frosinone Calcio,2023-09-22T16:30:00Z,1,1
SA,2023,5,Lecce,Genoa,2023-09-22T18:45:00Z,1,0
SA,2023,5,Milan,Verona,2023-09-23T13:00:00Z,1,0
SA,2023,5,Sassuolo,Juventus,2023-09-23T16:00:00Z,4,2
SA,2023,5,Lazio,Monza,2023-09-23T18:45:00Z,1,1
SA,2023,5,Empoli,Inter,2023-09-24T10:30:00Z,0,1
SA,2023,5,Atalanta,Cagliari,2023-09-24T13:00:00Z,2,0
SA,2023,5,Udinese,Fiorentina,2023-09-24T13:00:00Z,0,2
SA,2023,5,Bologna,Napoli,2023-09-24T16:00:00Z,0,0
SA,2023,5,Torino,Roma,2023-09-24T18:45:00Z,1,1
SA,2023,6,Juventus,Lecce,2023-09-26T18:45:00Z,1,0
SA,2023,6,Cagliari,Milan,2023-09-27T16:30:00Z,1,3
SA,2023,6,Empoli,US Salernitana 1919,2023-09-27T16:30:00Z,1,0
SA,2023,6,Verona,Atalanta,2023-09-27T16:30:00Z,0,1
SA,2023,6,Inter,Sassuolo,2023-09-27T18:45:00Z,1,2
SA,2023,6,Lazio,Torino,2023-09-27T18:45:00Z,2,0
SA,2023,6,Napoli,Udinese,2023-09-27T18:45:00Z,4,1
SA,2023,6,Frosinone Calcio,Fiorentina,2023-09-28T16:30:00Z,1,1
SA,2023,6,Monza,Bologna,2023-09-28T16:30:00Z,0,0
SA,2023,6,Genoa,Roma,2023-09-28T18:45:00Z,4,1
SA,2023,7,Lecce,Napoli,2023-09-30T13:00:00Z,0,4
SA,2023,7,Milan,Lazio,2023-09-30T16:00:00Z,2,0
SA,2023,7,US Salernitana 1919,Inter,2023-09-30T18:45:00Z,0,4
SA,2023,7,Bologna,Empoli,2023-10-01T10:30:00Z,3,0
SA,2023,7,Udinese,Genoa,2023-10-01T13:00:00Z,2,2
SA,2023,7,Atalanta,Juventus,2023-10-01T16:00:00Z,0,0
SA,2023,7,Roma,Frosinone Calcio,2023-10-01T18:45:00Z,2,0
SA,2023,7,Sassuolo,Monza,2023-10-02T16:30:00Z,0,1
SA,2023,7,Torino,Verona,2023-10-02T16:30:00Z,0,0
SA,2023,7,Fiorentina,Cagliari,2023-10-02T18:45:00Z,3,0
SA,2023,8,Empoli,Udinese,2023-10-06T16:30:00Z,0,0
SA,2023,8,Lecce,Sassuolo,2023-10-06T18:45:00Z,1,1
SA,2023,8,Inter,Bologna,2023-10-07T13:00:00Z,2,2
SA,2023,8,Juventus,Torino,2023-10-07T16:00:00Z,2,0
SA,2023,8,Genoa,Milan,2023-10-07T18:45:00Z,0,1
SA,2023,8,Monza,US Salernitana 1919,2023-10-08T10:30:00Z,3,0
SA,2023,8,Frosinone Calcio,Verona,2023-10-08T13:00:00Z,2,1
SA,2023,8,Lazio,Atalanta,2023-10-08T13:00:00Z,3,2
SA,2023,8,Cagliari,Roma,2023-10-08T16:00:00Z,1,4
SA,2023,8,Napoli,Fiorentina,2023-10-08T18:45:00Z,1,3
SA,2023,9,Verona,Napoli,2023-10-21T13:00:00Z,1,3
SA,2023,9,Torino,Inter,2023-10-21T16:00:00Z,0,3
SA,2023,9,Sassuolo,Lazio,2023-10-21T18:45:00Z,0,2
SA,2023,9,Roma,Monza,2023-10-22T10:30:00Z,1,0
SA,2023,9,Bologna,Frosinone Calcio,2023-10-22T13:00:00Z,2,1
SA,2023,9,US Salernitana 1919,Cagliari,2023-10-22T13:00:00Z,2,2
SA,2023,9,Atalanta,Genoa,2023-10-22T16:00:00Z,2,0
SA,2023,9,Milan,Juventus,2023-10-22T18:45:00Z,0,1
SA,2023,9,Udinese,Lecce,2023-10-23T16:30:00Z,1,1
SA,2023,9,Fiorentina,Empoli,2023-10-23T18:45:00Z,0,2
SA,2023,10,Genoa,US Salernitana 1919,2023-10-27T18:45:00Z,1,0
SA,2023,10,Sassuolo,Bologna,2023-10-28T13:00:00Z,1,1
SA,2023,10,Lecce,Torino,2023-10-28T16:00:00Z,0,1
SA,2023,10,Juventus,Verona,2023-10-28T18:45:00Z,1,0
SA,2023,10,Cagliari,Frosinone Calcio,2023-10-29T11:30:00Z,4,3
SA,2023,10,Monza,Udinese,2023-10-29T14:00:00Z,1,1
SA,2023,10,Inter,Roma,2023-10-29T17:00:00Z,1,0
SA,2023,10,Napoli,Milan,2023-10-29T19:45:00Z,2,2
SA,2023,10,Empoli,Atalanta,2023-10-30T17:30:00Z,0,3
SA,2023,10,Lazio,Fiorentina,2023-10-30T19:45:00Z,1,0
SA,2023,11,Bologna,Lazio,2023-11-03T19:45:00Z,1,0
SA,2023,11,US Salernitana 1919,Napoli,2023-11-04T14:00:00Z,0,2
SA,2023,11,Atalanta,Inter,2023-11-04T17:00:00Z,1,2
SA,2023,11,Milan,Udinese,2023-11-04T19:45:00Z,0,1
SA,2023,11,Verona,Monza,2023-11-05T11:30:00Z,1,3
SA,2023,11,Cagliari,Genoa,2023-11-05T14:00:00Z,2,1
SA,2023,11,Roma,Lecce,2023-11-05T17:00:00Z,2,1
SA,2023,11,Fiorentina,Juventus,2023-11-05T19:45:00Z,0,1
SA,2023,11,Frosinone Calcio,Empoli,2023-11-06T17:30:00Z,2,1
SA,2023,11,Torino,Sassuolo,2023-11-06T19:45:00Z,2,1
SA,2023,12,Sassuolo,US Salernitana 1919,2023-11-10T17:30:00Z,2,2
SA,2023,12,Genoa,Verona,2023-11-10T19:45:00Z,1,0
SA,2023,12,Lecce,Milan,2023-11-11T14:00:00Z,2,2
SA,2023,12,Juventus,Cagliari,2023-11-11T17:00:00Z,2,1
SA,2023,12,Monza,Torino,2023-11-11T19:45:00Z,1,1
SA,2023,12,Napoli,Empoli,2023-11-12T11:30:00Z,0,1
SA,2023,12,Fiorentina,Bologna,2023-11-12T14:00:00Z,2,1
SA,2023,12,Udinese,Atalanta,2023-11-12T14:00:00Z,1,1
SA,2023,12,Lazio,Roma,2023-11-12T17:00:00Z,0,0
SA,2023,12,Inter,Frosinone Calcio,2023-11-12T19:45:00Z,2,0
SA,2023,13,US Salernitana 1919,Lazio,2023-11-25T14:00:00Z,2,1
SA,2023,13,Atalanta,Napoli,2023-11-25T17:00:00Z,1,2
SA,2023,13,Milan,Fiorentina,2023-11-25T19:45:00Z,1,0
SA,2023,13,Cagliari,Monza,2023-11-26T11:30:00Z,1,1
SA,2023,13,Empoli,Sassuolo,2023-11-26T14:00:00Z,3,4
SA,2023,13,Frosinone Calcio,Genoa,2023-11-26T14:00:00Z,2,1
SA,2023,13,Roma,Udinese,2023-11-26T17:00:00Z,3,1
SA,2023,13,Juventus,Inter,2023-11-26T19:45:00Z,1,1
SA,2023,13,Verona,Lecce,2023-11-27T17:30:00Z,2,2
SA,2023,13,Bologna,Torino,2023-11-27T19:45:00Z,2,0
SA,2023,14,Monza,Juventus,2023-12-01T19:45:00Z,1,2
SA,2023,14,Genoa,Empoli,2023-12-02T14:00:00Z,1,1
SA,2023,14,Lazio,Cagliari,2023-12-02T17:00:00Z,1,0
SA,2023,14,Milan,Frosinone Calcio,2023-12-02T19:45:00Z,3,1
SA,2023,14,Lecce,Bologna,2023-12-03T11:30:00Z,1,1
SA,2023,14,Fiorentina,US Salernitana 1919,2023-12-03T14:00:00Z,3,0
SA,2023,14,Udinese,Verona,2023-12-03T14:00:00Z,3,3
SA,2023,14,Sassuolo,Roma,2023-12-03T17:00:00Z,1,2
SA,2023,14,Napoli,Inter,2023-12-03T19:45:00Z,0,3
SA,2023,14,Torino,Atalanta,2023-12-04T19:45:00Z,3,0
SA,2023,15,Juventus,Napoli,2023-12-08T19:45:00Z,1,0
SA,2023,15,Verona,Lazio,2023-12-09T14:00:00Z,1,1
SA,2023,15,Atalanta,Milan,2023-12-09T17:00:00Z,3,2
SA,2023,15,Inter,Udinese,2023-12-09T19:45:00Z,4,0
SA,2023,15,Frosinone Calcio,Torino,2023-12-10T11:30:00Z,0,0
SA,2023,15,Monza,Genoa,2023-12-10T14:00:00Z,1,0
SA,2023,15,US Salernitana 1919,Bologna,2023-12-10T17:00:00Z,1,2
SA,2023,15,Roma,Fiorentina,2023-12-10T19:45:00Z,1,1
SA,2023,15,Empoli,Lecce,2023-12-11T17:30:00Z,1,1
SA,2023,15,Cagliari,Sassuolo,2023-12-11T19:45:00Z,2,1
SA,2023,16,Genoa,Juventus,2023-12-15T19:45:00Z,1,1
SA,2023,16,Lecce,Frosinone Calcio,2023-12-16T14:00:00Z,2,1
SA,2023,16,Napoli,Cagliari,2023-12-16T17:30:00Z,2,1
SA,2023,16,Torino,Empoli,2023-12-16T19:45:00Z,1,0
SA,2023,16,Milan,Monza,2023-12-17T11:30:00Z,3,0
SA,2023,16,Fiorentina,Verona,2023-12-17T14:00:00Z,1,0
SA,2023,16,Udinese,Sassuolo,2023-12-17T14:00:00Z,2,2
SA,2023,16,Bologna,Roma,2023-12-17T17:00:00Z,2,0
SA,2023,16,Lazio,Inter,2023-12-17T19:45:00Z,0,2
SA,2023,16,Atalanta,US Salernitana 1919,2023-12-18T19:45:00Z,4,1
SA,2023,17,Sassuolo,Genoa,2023-12-22T17:30:00Z,1,2
SA,2023,17,Empoli,Lazio,2023-12-22T17:30:00Z,0,2
SA,2023,17,Monza,Fiorentina,2023-12-22T19:45:00Z,0,1
SA,2023,17,US Salernitana 1919,Milan,2023-12-22T19:45:00Z,2,2
SA,2023,17,Frosinone Calcio,Juventus,2023-12-23T11:30:00Z,1,2
SA,2023,17,Torino,Udinese,2023-12-23T14:00:00Z,1,1
SA,2023,17,Bologna,Atalanta,2023-12-23T14:00:00Z,1,0
SA,2023,17,Verona,Cagliari,2023-12-23T17:00:00Z,2,0
SA,2023,17,Inter,Lecce,2023-12-23T17:00:00Z,2,0
SA,2023,17,Roma,Napoli,2023-12-23T19:45:00Z,2,0
SA,2023,18,Fiorentina,Torino,2023-12-29T17:30:00Z,1,0
SA,2023,18,Napoli,Monza,2023-12-29T17:30:00Z,0,0
SA,2023,18,Genoa,Inter,2023-12-29T19:45:00Z,1,1
SA,2023,18,Lazio,Frosinone Calcio,2023-12-29T19:45:00Z,3,1
SA,2023,18,Atalanta,Lecce,2023-12-30T11:30:00Z,1,0
SA,2023,18,Cagliari,Empoli,2023-12-30T14:00:00Z,0,0
SA,2023,18,Udinese,Bologna,2023-12-30T14:00:00Z,3,0
SA,2023,18,Verona,US Salernitana 1919,2023-12-30T17:00:00Z,0,1
SA,2023,18,Milan,Sassuolo,2023-12-30T17:00:00Z,1,0
SA,2023,18,Juventus,Roma,2023-12-30T19:45:00Z,1,0
SA,2023,19,Bologna,Genoa,2024-01-05T19:45:00Z,1,1
SA,2023,19,Inter,Verona,2024-01-06T11:30:00Z,2,1
SA,2023,19,Frosinone Calcio,Monza,2024-01-06T14:00:00Z,2,3
SA,2023,19,Lecce,Cagliari,2024-01-06T17:00:00Z,1,1
SA,2023,19,Sassuolo,Fiorentina,2024-01-06T19:45:00Z,1,0
SA,2023,19,Empoli,Milan,2024-01-07T11:30:00Z,0,3
SA,2023,19,Torino,Napoli,2024-01-07T14:00:00Z,3,0
SA,2023,19,Udinese,Lazio,2024-01-07T14:00:00Z,1,2
SA,2023,19,US Salernitana 1919,Juventus,2024-01-07T17:00:00Z,1,2
SA,2023,19,Roma,Atalanta,2024-01-07T19:45:00Z,1,1
SA,2023,20,Genoa,Torino,2024-01-13T14:00:00Z,0,0
SA,2023,20,Napoli,US Salernitana 1919,2024-01-13T14:00:00Z,2,1
SA,2023,20,Verona,Empoli,2024-01-13T17:00:00Z,2,1
SA,2023,20,Monza,Inter,2024-01-13T19:45:00Z,1,5
SA,2023,20,Lazio,Lecce,2024-01-14T11:30:00Z,1,0
SA,2023,20,Cagliari,Bologna,2024-01-14T14:00:00Z,2,1
SA,2023,20,Fiorentina,Udinese,2024-01-14T17:00:00Z,2,2
SA,2023,20,Milan,Roma,2024-01-14T19:45:00Z,3,1
SA,2023,20,Atalanta,Frosinone Calcio,2024-01-15T19:45:00Z,5,0
SA,2023,20,Juventus,Sassuolo,2024-01-16T19:45:00Z,3,0
SA,2023,21,Roma,Verona,2024-01-20T17:00:00Z,2,1
SA,2023,21,Udinese,Milan,2024-01-20T19:45:00Z,2,3
SA,2023,21,Frosinone Calcio,Cagliari,2024-01-21T11:30:00Z,3,1
SA,2023,21,Empoli,Monza,2024-01-21T14:00:00Z,3,0
SA,2023,21,US Salernitana 1919,Genoa,2024-01-21T17:00:00Z,1,2
SA,2023,21,Lecce,Juventus,2024-01-21T19:45:00Z,0,3
SA,2023,22,Cagliari,Torino,2024-01-26T19:45:00Z,1,2
SA,2023,22,Atalanta,Udinese,2024-01-27T14:00:00Z,2,0
SA,2023,22,Juventus,Empoli,2024-01-27T17:00:00Z,1,1
SA,2023,22,Milan,Bologna,2024-01-27T19:45:00Z,2,2
SA,2023,22,Genoa,Lecce,2024-01-28T11:30:00Z,2,1
SA,2023,22,Verona,Frosinone Calcio,2024-01-28T14:00:00Z,1,1
SA,2023,22,Monza,Sassuolo,2024-01-28T14:00:00Z,1,0
SA,2023,22,Lazio,Napoli,2024-01-28T17:00:00Z,0,0
SA,2023,22,Fiorentina,Inter,2024-01-28T19:45:00Z,0,1
SA,2023,22,US Salernitana 1919,Roma,2024-01-29T19:45:00Z,1,2
SA,2023,23,Lecce,Fiorentina,2024-02-02T19:45:00Z,3,2
SA,2023,23,Empoli,Genoa,2024-02-03T14:00:00Z,0,0
SA,2023,23,Udinese,Monza,2024-02-03T14:00:00Z,0,0
SA,2023,23,Frosinone Calcio,Milan,2024-02-03T17:00:00Z,2,3
SA,2023,23,Bologna,Sassuolo,2024-02-03T19:45:00Z,4,2
SA,2023,23,Torino,US Salernitana 1919,2024-02-04T11:30:00Z,0,0
SA,2023,23,Napoli,Verona,2024-02-04T14:00:00Z,2,1
SA,2023,23,Atalanta,Lazio,2024-02-04T17:00:00Z,3,1
SA,2023,23,Inter,Juventus,2024-02-04T19:45:00Z,1,0
SA,2023,23,Roma,Cagliari,2024-02-05T19:45:00Z,4,0
SA,2023,24,US Salernitana 1919,Empoli,2024-02-09T19:45:00Z,1,3
SA,2023,24,Cagliari,Lazio,2024-02-10T14:00:00Z,1,3
SA,2023,24,Roma,Inter,2024-02-10T17:00:00Z,2,4
SA,2023,24,Sassuolo,Torino,2024-02-10T19:45:00Z,1,1
SA,2023,24,Fiorentina,Frosinone Calcio,2024-02-11T11:30:00Z,5,1
SA,2023,24,Bologna,Lecce,2024-02-11T14:00:00Z,4,0
SA,2023,24,Monza,Verona,2024-02-11T14:00:00Z,0,0
SA,2023,24,Genoa,Atalanta,2024-02-11T17:00:00Z,1,4
SA,2023,24,Milan,Napoli,2024-02-11T19:45:00Z,1,0
SA,2023,24,Juventus,Udinese,2024-02-12T19:45:00Z,0,1
SA,2023,21,Bologna,Fiorentina,2024-02-14T18:00:00Z,2,0
SA,2023,25,Torino,Lecce,2024-02-16T18:00:00Z,2,0
SA,2023,25,Inter,US Salernitana 1919,2024-02-16T20:00:00Z,4,0
SA,2023,25,Napoli,Genoa,2024-02-17T14:00:00Z,1,1
SA,2023,25,Verona,Juventus,2024-02-17T17:00:00Z,2,2
SA,2023,25,Atalanta,Sassuolo,2024-02-17T19:45:00Z,3,0
SA,2023,25,Lazio,Bologna,2024-02-18T11:30:00Z,1,2
SA,2023,25,Empoli,Fiorentina,2024-02-18T14:00:00Z,1,1
SA,2023,25,Udinese,Cagliari,2024-02-18T14:00:00Z,1,1
SA,2023,25,Frosinone Calcio,Roma,2024-02-18T17:00:00Z,0,3
SA,2023,25,Monza,Milan,2024-02-18T19:45:00Z,4,2
SA,2023,21,Torino,Lazio,2024-02-22T19:45:00Z,0,2
SA,2023,26,Bologna,Verona,2024-02-23T19:45:00Z,2,0
SA,2023,26,Sassuolo,Empoli,2024-02-24T14:00:00Z,2,3
SA,2023,26,US Salernitana 1919,Monza,2024-02-24T17:00:00Z,0,2
SA,2023,26,Genoa,Udinese,2024-02-24T19:45:00Z,2,0
SA,2023,26,Juventus,Frosinone Calcio,2024-02-25T11:30:00Z,3,2
SA,2023,26,Cagliari,Napoli,2024-02-25T14:00:00Z,1,1
SA,2023,26,Lecce,Inter,2024-02-25T17:00:00Z,0,4
SA,2023,26,Milan,Atalanta,2024-02-25T19:45:00Z,1,1
SA,2023,26,Roma,Torino,2024-02-26T17:30:00Z,3,2
SA,2023,26,Fiorentina,Lazio,2024-02-26T19:45:00Z,2,1
SA,2023,21,Sassuolo,Napoli,2024-02-28T17:00:00Z,1,6
SA,2023,21,Inter,Atalanta,2024-02-28T19:45:00Z,4,0
SA,2023,27,Lazio,Milan,2024-03-01T19:45:00Z,0,1
SA,2023,27,Udinese,US Salernitana 1919,2024-03-02T14:00:00Z,1,1
SA,2023,27,Monza,Roma,2024-03-02T17:00:00Z,1,4
SA,2023,27,Torino,Fiorentina,2024-03-02T19:45:00Z,0,0
SA,2023,27,Verona,Sassuolo,2024-03-03T11:30:00Z,1,0
SA,2023,27,Empoli,Cagliari,2024-03-03T14:00:00Z,0,1
SA,2023,27,Frosinone Calcio,Lecce,2024-03-03T14:00:00Z,1,1
SA,2023,27,Atalanta,Bologna,2024-03-03T17:00:00Z,1,2
SA,2023,27,Napoli,Juventus,2024-03-03T19:45:00Z,2,1
SA,2023,27,Inter,Genoa,2024-03-04T19:45:00Z,2,1
SA,2023,28,Napoli,Torino,2024-03-08T19:45:00Z,1,1
SA,2023,28,Cagliari,US Salernitana 1919,2024-03-09T14:00:00Z,4,2
SA,2023,28,Sassuolo,Frosinone Calcio,2024-03-09T14:00:00Z,1,0
SA,2023,28,Bologna,Inter,2024-03-09T17:00:00Z,0,1
SA,2023,28,Genoa,Monza,2024-03-09T19:45:00Z,2,3
SA,2023,28,Lecce,Verona,2024-03-10T11:30:00Z,0,1
SA,2023,28,Milan,Empoli,2024-03-10T14:00:00Z,1,0
SA,2023,28,Juventus,Atalanta,2024-03-10T17:00:00Z,2,2
SA,2023,28,Fiorentina,Roma,2024-03-10T19:45:00Z,2,2
SA,2023,28,Lazio,Udinese,2024-03-11T19:45:00Z,1,2
SA,2023,29,Empoli,Bologna,2024-03-15T19:45:00Z,0,1
SA,2023,29,Monza,Cagliari,2024-03-16T14:00:00Z,1,0
SA,2023,29,Udinese,Torino,2024-03-16T14:00:00Z,0,2
SA,2023,29,US Salernitana 1919,Lecce,2024-03-16T17:00:00Z,0,1
SA,2023,29,Frosinone Calcio,Lazio,2024-03-16T19:45:00Z,2,3
SA,2023,29,Juventus,Genoa,2024-03-17T11:30:00Z,0,0
SA,2023,29,Verona,Milan,2024-03-17T14:00:00Z,1,3
SA,2023,29,Roma,Sassuolo,2024-03-17T17:00:00Z,1,0
SA,2023,29,Inter,Napoli,2024-03-17T19:45:00Z,1,1
SA,2023,30,Napoli,Atalanta,2024-03-30T11:30:00Z,0,3
SA,2023,30,Genoa,Frosinone Calcio,2024-03-30T14:00:00Z,1,1
SA,2023,30,Torino,Monza,2024-03-30T14:00:00Z,1,0
SA,2023,30,Lazio,Juventus,2024-03-30T17:00:00Z,1,0
SA,2023,30,Fiorentina,Milan,2024-03-30T19:45:00Z,1,2
SA,2023,30,Bologna,US Salernitana 1919,2024-04-01T10:30:00Z,3,0
SA,2023,30,Cagliari,Verona,2024-04-01T13:00:00Z,1,1
SA,2023,30,Sassuolo,Udinese,2024-04-01T13:00:00Z,1,1
SA,2023,30,Lecce,Roma,2024-04-01T16:00:00Z,0,0
SA,2023,30,Inter,Empoli,2024-04-01T18:45:00Z,2,0
SA,2023,31,US Salernitana 1919,Sassuolo,2024-04-05T18:45:00Z,2,2
SA,2023,31,Milan,Lecce,2024-04-06T13:00:00Z,3,0
SA,2023,31,Roma,Lazio,2024-04-06T16:00:00Z,1,0
SA,2023,31,Empoli,Torino,2024-04-06T18:45:00Z,3,2
SA,2023,31,Frosinone Calcio,Bologna,2024-04-07T10:30:00Z,0,0
SA,2023,31,Monza,Napoli,2024-04-07T13:00:00Z,2,4
SA,2023,31,Cagliari,Atalanta,2024-04-07T16:00:00Z,2,1
SA,2023,31,Verona,Genoa,2024-04-07T16:00:00Z,1,2
SA,2023,31,Juventus,Fiorentina,2024-04-07T18:45:00Z,1,0
SA,2023,31,Udinese,Inter,2024-04-08T18:45:00Z,1,2
SA,2023,32,Lazio,US Salernitana 1919,2024-04-12T18:45:00Z,4,1
SA,2023,32,Lecce,Empoli,2024-04-13T13:00:00Z,1,0
SA,2023,32,Torino,Juventus,2024-04-13T16:00:00Z,0,0
SA,2023,32,Bologna,Monza,2024-04-13T18:45:00Z,0,0
SA,2023,32,Napoli,Frosinone Calcio,2024-04-14T10:30:00Z,2,2
SA,2023,32,Sassuolo,Milan,2024-04-14T13:00:00Z,3,3
SA,2023,32,Inter,Cagliari,2024-04-14T18:45:00Z,2,2
SA,2023,32,Fiorentina,Genoa,2024-04-15T16:30:00Z,1,1
SA,2023,32,Atalanta,Verona,2024-04-15T18:45:00Z,2,2
SA,2023,33,Genoa,Lazio,2024-04-19T16:30:00Z,0,1
SA,2023,33,Cagliari,Juventus,2024-04-19T18:45:00Z,2,2
SA,2023,33,Empoli,Napoli,2024-04-20T16:00:00Z,1,0
SA,2023,33,Verona,Udinese,2024-04-20T18:45:00Z,1,0
SA,2023,33,Sassuolo,Lecce,2024-04-21T10:30:00Z,0,3
SA,2023,33,Torino,Frosinone Calcio,2024-04-21T13:00:00Z,0,0
SA,2023,33,US Salernitana 1919,Fiorentina,2024-04-21T16:00:00Z,0,2
SA,2023,33,Monza,Atalanta,2024-04-21T18:45:00Z,1,2
SA,2023,33,Roma,Bologna,2024-04-22T16:30:00Z,1,3
SA,2023,33,Milan,Inter,2024-04-22T18:45:00Z,1,2
SA,2023,32,Udinese,Roma,2024-04-25T18:00:00Z,1,2
SA,2023,34,Frosinone Calcio,US Salernitana 1919,2024-04-26T18:45:00Z,3,0
SA,2023,34,Lecce,Monza,2024-04-27T13:00:00Z,1,1
SA,2023,34,Juventus,Milan,2024-04-27T16:00:00Z,0,0
SA,2023,34,Lazio,Verona,2024-04-27T18:45:00Z,1,0
SA,2023,34,Inter,Torino,2024-04-28T10:30:00Z,2,0
SA,2023,34,Bologna,Udinese,2024-04-28T13:00:00Z,1,1
SA,2023,34,Atalanta,Empoli,2024-04-28T16:00:00Z,2,0
SA,2023,34,Napoli,Roma,2024-04-28T16:00:00Z,2,2
SA,2023,34,Fiorentina,Sassuolo,2024-04-28T18:45:00Z,5,1
SA,2023,34,Genoa,Cagliari,2024-04-29T18:45:00Z,3,0
SA,2023,35,Torino,Bologna,2024-05-03T18:45:00Z,0,0
SA,2023,35,Monza,Lazio,2024-05-04T16:00:00Z,2,2
SA,2023,35,Sassuolo,Inter,2024-05-04T18:45:00Z,1,0
SA,2023,35,Cagliari,Lecce,2024-05-05T10:30:00Z,1,1
SA,2023,35,Empoli,Frosinone Calcio,2024-05-05T13:00:00Z,0,0
SA,2023,35,Verona,Fiorentina,2024-05-05T13:00:00Z,2,1
SA,2023,35,Milan,Genoa,2024-05-05T16:00:00Z,3,3
SA,2023,35,Roma,Juventus,2024-05-05T18:45:00Z,1,1
SA,2023,35,US Salernitana 1919,Atalanta,2024-05-06T16:00:00Z,1,2
SA,2023,35,Udinese,Napoli,2024-05-06T18:45:00Z,1,1
SA,2023,36,Frosinone Calcio,Inter,2024-05-10T18:45:00Z,0,5
SA,2023,36,Napoli,Bologna,2024-05-11T16:00:00Z,0,2
SA,2023,36,Milan,Cagliari,2024-05-11T18:45:00Z,5,1
SA,2023,36,Lazio,Empoli,2024-05-12T10:30:00Z,2,0
SA,2023,36,Genoa,Sassuolo,2024-05-12T13:00:00Z,2,1
SA,2023,36,Verona,Torino,2024-05-12T13:00:00Z,1,2
SA,2023,36,Juventus,US Salernitana 1919,2024-05-12T16:00:00Z,1,1
SA,2023,36,Atalanta,Roma,2024-05-12T18:45:00Z,2,1
SA,2023,36,Lecce,Udinese,2024-05-13T16:30:00Z,0,2
SA,2023,36,Fiorentina,Monza,2024-05-13T18:45:00Z,2,1
SA,2023,37,Fiorentina,Napoli,2024-05-17T18:45:00Z,2,2
SA,2023,37,Lecce,Atalanta,2024-05-18T16:00:00Z,0,2
SA,2023,37,Torino,Milan,2024-05-18T18:45:00Z,3,1
SA,2023,37,Sassuolo,Cagliari,2024-05-19T10:30:00Z,0,2
SA,2023,37,Monza,Frosinone Calcio,2024-05-19T13:00:00Z,0,1
SA,2023,37,Udinese,Empoli,2024-05-19T13:00:00Z,1,1
SA,2023,37,Inter,Lazio,2024-05-19T16:00:00Z,1,1
SA,2023,37,Roma,Genoa,2024-05-19T18:45:00Z,1,0
SA,2023,37,US Salernitana 1919,Verona,2024-05-20T16:30:00Z,1,2
SA,2023,37,Bologna,Juventus,2024-05-20T18:45:00Z,3,3
SA,2023,38,Cagliari,Fiorentina,2024-05-23T18:45:00Z,2,3
SA,2023,38,Genoa,Bologna,2024-05-24T18:45:00Z,2,0
SA,2023,38,Juventus,Monza,2024-05-25T16:00:00Z,2,0
SA,2023,38,Milan,US Salernitana 1919,2024-05-25T18:45:00Z,3,3
SA,2023,38,Atalanta,Torino,2024-05-26T16:00:00Z,3,0
SA,2023,38,Napoli,Lecce,2024-05-26T16:00:00Z,0,0
SA,2023,38,Empoli,Roma,2024-05-26T18:45:00Z,2,1
SA,2023,38,Frosinone Calcio,Udinese,2024-05-26T18:45:00Z,0,1
SA,2023,38,Verona,Inter,2024-05-26T18:45:00Z,2,2
SA,2023,38,Lazio,Sassuolo,2024-05-26T18:45:00Z,1,1
SA,2023,29,Atalanta,Fiorentina,2024-06-02T16:00:00Z,2,3
PL,2024,1,Man United,Fulham,2024-08-16T19:00:00Z,1,0
PL,2024,1,Ipswich,Liverpool,2024-08-17T11:30:00Z,0,2
PL,2024,1,Arsenal,Wolves,2024-08-17T14:00:00Z,2,0
PL,2024,1,Everton,Brighton,2024-08-17T14:00:00Z,0,3
PL,2024,1,Newcastle,Southampton,2024-08-17T14:00:00Z,1,0
PL,2024,1,Nottingham,Bournemouth,2024-08-17T14:00:00Z,1,1
PL,2024,1,West Ham,Aston Villa,2024-08-17T16:30:00Z,1,2
PL,2024,1,Brentford,Crystal Palace,2024-08-18T13:00:00Z,2,1
PL,2024,1,Chelsea,Man City,2024-08-18T15:30:00Z,0,2
PL,2024,1,Leicester,Tottenham,2024-08-19T19:00:00Z,1,1
PL,2024,2,Brighton,Man United,2024-08-24T11:30:00Z,2,1
PL,2024,2,Crystal Palace,West Ham,2024-08-24T14:00:00Z,0,2
PL,2024,2,Fulham,Leicester,2024-08-24T14:00:00Z,2,1
PL,2024,2,Man City,Ipswich,2024-08-24T14:00:00Z,4,1
PL,2024,2,Southampton,Nottingham,2024-08-24T14:00:00Z,0,1
PL,2024,2,Tottenham,Everton,2024-08-24T14:00:00Z,4,0
PL,2024,2,Aston Villa,Arsenal,2024-08-24T16:30:00Z,0,2
PL,2024,2,Bournemouth,Newcastle,2024-08-25T13:00:00Z,1,1
PL,2024,2,Wolves,Chelsea,2024-08-25T13:00:00Z,2,6
PL,2024,2,Liverpool,Brentford,2024-08-25T15:30:00Z,2,0
PL,2024,3,Arsenal,Brighton,2024-08-31T11:30:00Z,1,1
PL,2024,3,Brentford,Southampton,2024-08-31T14:00:00Z,3,1
PL,2024,3,Everton,Bournemouth,2024-08-31T14:00:00Z,2,3
PL,2024,3,Ipswich,Fulham,2024-08-31T14:00:00Z,1,1
PL,2024,3,Leicester,Aston Villa,2024-08-31T14:00:00Z,1,2
PL,2024,3,Nottingham,Wolves,2024-08-31T14:00:00Z,1,1
PL,2024,3,West Ham,Man City,2024-08-31T16:30:00Z,1,3
PL,2024,3,Chelsea,Crystal Palace,2024-09-01T12:30:00Z,1,1
PL,2024,3,Newcastle,Tottenham,2024-09-01T12:30:00Z,2,1
PL,2024,3,Man United,Liverpool,2024-09-01T15:00:00Z,0,3
PL,2024,4,Southampton,Man United,2024-09-14T11:30:00Z,0,3
PL,2024,4,Brighton,Ipswich,2024-09-14T14:00:00Z,0,0
PL,2024,4,Crystal Palace,Leicester,2024-09-14T14:00:00Z,2,2
PL,2024,4,Fulham,West Ham,2024-09-14T14:00:00Z,1,1
PL,2024,4,Liverpool,Nottingham,2024-09-14T14:00:00Z,0,1
PL,2024,4,Man City,Brentford,2024-09-14T14:00:00Z,2,1
PL,2024,4,Aston Villa,Everton,2024-09-14T16:30:00Z,3,2
PL,2024,4,Bournemouth,Chelsea,2024-09-14T19:00:00Z,0,1
PL,2024,4,Tottenham,Arsenal,2024-09-15T13:00:00Z,0,1
PL,2024,4,Wolves,Newcastle,2024-09-15T15:30:00Z,1,2
PL,2024,5,West Ham,Chelsea,2024-09-21T11:30:00Z,0,3
PL,2024,5,Aston Villa,Wolves,2024-09-21T14:00:00Z,3,1
PL,2024,5,Fulham,Newcastle,2024-09-21T14:00:00Z,3,1
PL,2024,5,Leicester,Everton,2024-09-21T14:00:00Z,1,1
PL,2024,5,Liverpool,Bournemouth,2024-09-21T14:00:00Z,3,0
PL,2024,5,Southampton,Ipswich,2024-09-21T14:00:00Z,1,1
PL,2024,5,Tottenham,Brentford,2024-09-21T14:00:00Z,3,1
PL,2024,5,Crystal Palace,Man United,2024-09-21T16:30:00Z,0,0
PL,2024,5,Brighton,Nottingham,2024-09-22T13:00:00Z,2,2
PL,2024,5,Man City,Arsenal,2024-09-22T15:30:00Z,2,2
PL,2024,6,Newcastle,Man City,2024-09-28T11:30:00Z,1,1
PL,2024,6,Arsenal,Leicester,2024-09-28T14:00:00Z,4,2
PL,2024,6,Brentford,West Ham,2024-09-28T14:00:00Z,1,1
PL,2024,6,Chelsea,Brighton,2024-09-28T14:00:00Z,4,2
PL,2024,6,Everton,Crystal Palace,2024-09-28T14:00:00Z,2,1
PL,2024,6,Nottingham,Fulham,2024-09-28T14:00:00Z,0,1
PL,2024,6,Wolves,Liverpool,2024-09-28T16:30:00Z,1,2
PL,2024,6,Ipswich,Aston Villa,2024-09-29T13:00:00Z,2,2
PL,2024,6,Man United,Tottenham,2024-09-29T15:30:00Z,0,3
PL,2024,6,Bournemouth,Southampton,2024-09-30T19:00:00Z,3,1
PL,2024,7,Crystal Palace,Liverpool,2024-10-05T11:30:00Z,0,1
PL,2024,7,Arsenal,Southampton,2024-10-05T14:00:00Z,3,1
PL,2024,7,Brentford,Wolves,2024-10-05T14:00:00Z,5,3
PL,2024,7,Leicester,Bournemouth,2024-10-05T14:00:00Z,1,0
PL,2024,7,Man City,Fulham,2024-10-05T14:00:00Z,3,2
PL,2024,7,West Ham,Ipswich,2024-10-05T14:00:00Z,4,1
PL,2024,7,Everton,Newcastle,2024-10-05T16:30:00Z,0,0
PL,2024,7,Aston Villa,Man United,2024-10-06T13:00:00Z,0,0
PL,2024,7,Chelsea,Nottingham,2024-10-06T13:00:00Z,1,1
PL,2024,7,Brighton,Tottenham,2024-10-06T15:30:00Z,3,2
PL,2024,8,Tottenham,West Ham,2024-10-19T11:30:00Z,4,1
PL,2024,8,Fulham,Aston Villa,2024-10-19T14:00:00Z,1,3
PL,2024,8,Ipswich,Everton,2024-10-19T14:00:00Z,0,2
PL,2024,8,Man United,Brentford,2024-10-19T14:00:00Z,2,1
PL,2024,8,Newcastle,Brighton,2024-10-19T14:00:00Z,0,1
PL,2024,8,Southampton,Leicester,2024-10-19T14:00:00Z,2,3
PL,2024,8,Bournemouth,Arsenal,2024-10-19T16:30:00Z,2,0
PL,2024,8,Wolves,Man City,2024-10-20T13:00:00Z,1,2
PL,2024,8,Liverpool,Chelsea,2024-10-20T15:30:00Z,2,1
PL,2024,8,Nottingham,Crystal Palace,2024-10-21T19:00:00Z,1,0
PL,2024,9,Leicester,Nottingham,2024-10-25T19:00:00Z,1,3
PL,2024,9,Aston Villa,Bournemouth,2024-10-26T14:00:00Z,1,1
PL,2024,9,Brentford,Ipswich,2024-10-26T14:00:00Z,4,3
PL,2024,9,Brighton,Wolves,2024-10-26T14:00:00Z,2,2
PL,2024,9,Man City,Southampton,2024-10-26T14:00:00Z,1,0
PL,2024,9,Everton,Fulham,2024-10-26T16:30:00Z,1,1
PL,2024,9,Chelsea,Newcastle,2024-10-27T14:00:00Z,2,1
PL,2024,9,Crystal Palace,Tottenham,2024-10-27T14:00:00Z,1,0
PL,2024,9,West Ham,Man United,2024-10-27T14:00:00Z,2,1
PL,2024,9,Arsenal,Liverpool,2024-10-27T16:30:00Z,2,2
PL,2024,10,Newcastle,Arsenal,2024-11-02T12:30:00Z,1,0
PL,2024,10,Bournemouth,Man City,2024-11-02T15:00:00Z,2,1
PL,2024,10,Ipswich,Leicester,2024-11-02T15:00:00Z,1,1
PL,2024,10,Liverpool,Brighton,2024-11-02T15:00:00Z,2,1
PL,2024,10,Nottingham,West Ham,2024-11-02T15:00:00Z,3,0
PL,2024,10,Southampton,Everton,2024-11-02T15:00:00Z,1,0
PL,2024,10,Wolves,Crystal Palace,2024-11-02T17:30:00Z,2,2
PL,2024,10,Tottenham,Aston Villa,2024-11-03T14:00:00Z,4,1
PL,2024,10,Man United,Chelsea,2024-11-03T16:30:00Z,1,1
PL,2024,10,Fulham,Brentford,2024-11-04T20:00:00Z,2,1
PL,2024,11,Brentford,Bournemouth,2024-11-09T15:00:00Z,3,2
PL,2024,11,Crystal Palace,Fulham,2024-11-09T15:00:00Z,0,2
PL,2024,11,West Ham,Everton,2024-11-09T15:00:00Z,0,0
PL,2024,11,Wolves,Southampton,2024-11-09T15:00:00Z,2,0
PL,2024,11,Brighton,Man City,2024-11-09T17:30:00Z,2,1
PL,2024,11,Liverpool,Aston Villa,2024-11-09T20:00:00Z,2,0
PL,2024,11,Man United,Leicester,2024-11-10T14:00:00Z,3,0
PL,2024,11,Nottingham,Newcastle,2024-11-10T14:00:00Z,1,3
PL,2024,11,Tottenham,Ipswich,2024-11-10T14:00:00Z,1,2
PL,2024,11,Chelsea,Arsenal,2024-11-10T16:30:00Z,1,1
PL,2024,12,Leicester,Chelsea,2024-11-23T12:30:00Z,1,2
PL,2024,12,Bournemouth,Brighton,2024-11-23T15:00:00Z,1,2
PL,2024,12,Arsenal,Nottingham,2024-11-23T15:00:00Z,3,0
PL,2024,12,Aston Villa,Crystal Palace,2024-11-23T15:00:00Z,2,2
PL,2024,12,Everton,Brentford,2024-11-23T15:00:00Z,0,0
PL,2024,12,Fulham,Wolves,2024-11-23T15:00:00Z,1,4
PL,2024,12,Man City,Tottenham,2024-11-23T17:30:00Z,0,4
PL,2024,12,Southampton,Liverpool,2024-11-24T14:00:00Z,2,3
PL,2024,12,Ipswich,Man United,2024-11-24T16:30:00Z,1,1
PL,2024,12,Newcastle,West Ham,2024-11-25T20:00:00Z,0,2
PL,2024,13,Brighton,Southampton,2024-11-29T20:00:00Z,1,1
PL,2024,13,Brentford,Leicester,2024-11-30T15:00:00Z,4,1
PL,2024,13,Crystal Palace,Newcastle,2024-11-30T15:00:00Z,1,1
PL,2024,13,Nottingham,Ipswich,2024-11-30T15:00:00Z,1,0
PL,2024,13,Wolves,Bournemouth,2024-11-30T15:00:00Z,2,4
PL,2024,13,West Ham,Arsenal,2024-11-30T17:30:00Z,2,5
PL,2024,13,Chelsea,Aston Villa,2024-12-01T13:30:00Z,3,0
PL,2024,13,Man United,Everton,2024-12-01T13:30:00Z,4,0
PL,2024,13,Tottenham,Fulham,2024-12-01T13:30:00Z,1,1
PL,2024,13,Liverpool,Man City,2024-12-01T16:00:00Z,2,0
PL,2024,14,Ipswich,Crystal Palace,2024-12-03T19:30:00Z,0,1
PL,2024,14,Leicester,West Ham,2024-12-03T20:15:00Z,3,1
PL,2024,14,Everton,Wolves,2024-12-04T19:30:00Z,4,0
PL,2024,14,Man City,Nottingham,2024-12-04T19:30:00Z,3,0
PL,2024,14,Newcastle,Liverpool,2024-12-04T19:30:00Z,3,3
PL,2024,14,Southampton,Chelsea,2024-12-04T19:30:00Z,1,5
PL,2024,14,Arsenal,Man United,2024-12-04T20:15:00Z,2,0
PL,2024,14,Aston Villa,Brentford,2024-12-04T20:15:00Z,3,1
PL,2024,14,Fulham,Brighton,2024-12-05T19:30:00Z,3,1
PL,2024,14,Bournemouth,Tottenham,2024-12-05T20:15:00Z,1,0
PL,2024,15,Aston Villa,Southampton,2024-12-07T15:00:00Z,1,0
PL,2024,15,Brentford,Newcastle,2024-12-07T15:00:00Z,4,2
PL,2024,15,Crystal Palace,Man City,2024-12-07T15:00:00Z,2,2
PL,2024,15,Man United,Nottingham,2024-12-07T17:30:00Z,2,3
PL,2024,15,Fulham,Arsenal,2024-12-08T14:00:00Z,1,1
PL,2024,15,Ipswich,Bournemouth,2024-12-08T14:00:00Z,1,2
PL,2024,15,Leicester,Brighton,2024-12-08T14:00:00Z,2,2
PL,2024,15,Tottenham,Chelsea,2024-12-08T16:30:00Z,3,4
PL,2024,15,West Ham,Wolves,2024-12-09T20:00:00Z,2,1
PL,2024,16,Arsenal,Everton,2024-12-14T15:00:00Z,0,0
PL,2024,16,Liverpool,Fulham,2024-12-14T15:00:00Z,2,2
PL,2024,16,Newcastle,Leicester,2024-12-14T15:00:00Z,4,0
PL,2024,16,Wolves,Ipswich,2024-12-14T15:00:00Z,1,2
PL,2024,16,Nottingham,Aston Villa,2024-12-14T17:30:00Z,2,1
PL,2024,16,Brighton,Crystal Palace,2024-12-15T14:00:00Z,1,3
PL,2024,16,Man City,Man United,2024-12-15T16:30:00Z,1,2
PL,2024,16,Chelsea,Brentford,2024-12-15T19:00:00Z,2,1
PL,2024,16,Southampton,Tottenham,2024-12-15T19:00:00Z,0,5
PL,2024,16,Bournemouth,West Ham,2024-12-16T20:00:00Z,1,1
PL,2024,17,Aston Villa,Man City,2024-12-21T12:30:00Z,2,1
PL,2024,17,Brentford,Nottingham,2024-12-21T15:00:00Z,0,2
PL,2024,17,Ipswich,Newcastle,2024-12-21T15:00:00Z,0,4
PL,2024,17,West Ham,Brighton,2024-12-21T15:00:00Z,1,1
PL,2024,17,Crystal Palace,Arsenal,2024-12-21T17:30:00Z,1,5
PL,2024,17,Everton,Chelsea,2024-12-22T14:00:00Z,0,0
PL,2024,17,Fulham,Southampton,2024-12-22T14:00:00Z,0,0
PL,2024,17,Leicester,Wolves,2024-12-22T14:00:00Z,0,3
PL,2024,17,Man United,Bournemouth,2024-12-22T14:00:00Z,0,3
PL,2024,17,Tottenham,Liverpool,2024-12-22T16:30:00Z,3,6
PL,2024,18,Man City,Everton,2024-12-26T12:30:00Z,1,1
PL,2024,18,Bournemouth,Crystal Palace,2024-12-26T15:00:00Z,0,0
PL,2024,18,Chelsea,Fulham,2024-12-26T15:00:00Z,1,2
PL,2024,18,Newcastle,Aston Villa,2024-12-26T15:00:00Z,3,0
PL,2024,18,Nottingham,Tottenham,2024-12-26T15:00:00Z,1,0
PL,2024,18,Southampton,West Ham,2024-12-26T15:00:00Z,0,1
PL,2024,18,Wolves,Man United,2024-12-26T17:30:00Z,2,0
PL,2024,18,Liverpool,Leicester,2024-12-26T20:00:00Z,3,1
PL,2024,18,Brighton,Brentford,2024-12-27T19:30:00Z,0,0
PL,2024,18,Arsenal,Ipswich,2024-12-27T20:15:00Z,1,0
PL,2024,19,Leicester,Man City,2024-12-29T14:30:00Z,0,2
PL,2024,19,Crystal Palace,Southampton,2024-12-29T15:00:00Z,2,1
PL,2024,19,Everton,Nottingham,2024-12-29T15:00:00Z,0,2
PL,2024,19,Fulham,Bournemouth,2024-12-29T15:00:00Z,2,2
PL,2024,19,Tottenham,Wolves,2024-12-29T15:00:00Z,2,2
PL,2024,19,West Ham,Liverpool,2024-12-29T17:15:00Z,0,5
PL,2024,19,Aston Villa,Brighton,2024-12-30T19:45:00Z,2,2
PL,2024,19,Ipswich,Chelsea,2024-12-30T19:45:00Z,2,0
PL,2024,19,Man United,Newcastle,2024-12-30T20:00:00Z,0,2
PL,2024,19,Brentford,Arsenal,2025-01-01T17:30:00Z,1,3
PL,2024,20,Tottenham,Newcastle,2025-01-04T12:30:00Z,1,2
PL,2024,20,Southampton,Brentford,2025-01-04T15:00:00Z,0,5
PL,2024,20,Crystal Palace,Chelsea,2025-01-04T15:00:00Z,1,1
PL,2024,20,Bournemouth,Everton,2025-01-04T15:00:00Z,1,0
PL,2024,20,Aston Villa,Leicester,2025-01-04T15:00:00Z,2,1
PL,2024,20,Man City,West Ham,2025-01-04T15:00:00Z,4,1
PL,2024,20,Brighton,Arsenal,2025-01-04T17:30:00Z,1,1
PL,2024,20,Fulham,Ipswich,2025-01-05T14:00:00Z,2,2
PL,2024,20,Liverpool,Man United,2025-01-05T16:30:00Z,2,2
PL,2024,20,Wolves,Nottingham,2025-01-06T20:00:00Z,0,3
PL,2024,21,West Ham,Fulham,2025-01-14T19:30:00Z,3,2
PL,2024,21,Brentford,Man City,2025-01-14T19:30:00Z,2,2
PL,2024,21,Chelsea,Bournemouth,2025-01-14T19:30:00Z,2,2
PL,2024,21,Nottingham,Liverpool,2025-01-14T20:00:00Z,1,1
PL,2024,21,Everton,Aston Villa,2025-01-15T19:30:00Z,0,1
PL,2024,21,Leicester,Crystal Palace,2025-01-15T19:30:00Z,0,2
PL,2024,21,Newcastle,Wolves,2025-01-15T19:30:00Z,3,0
PL,2024,21,Arsenal,Tottenham,2025-01-15T20:00:00Z,2,1
PL,2024,21,Ipswich,Brighton,2025-01-16T19:30:00Z,0,2
PL,2024,21,Man United,Southampton,2025-01-16T20:00:00Z,3,1
PL,2024,22,Newcastle,Bournemouth,2025-01-18T12:30:00Z,1,4
PL,2024,22,West Ham,Crystal Palace,2025-01-18T15:00:00Z,0,2
PL,2024,22,Leicester,Fulham,2025-01-18T15:00:00Z,0,2
PL,2024,22,Brentford,Liverpool,2025-01-18T15:00:00Z,0,2
PL,2024,22,Arsenal,Aston Villa,2025-01-18T17:30:00Z,2,2
PL,2024,22,Man United,Brighton,2025-01-19T14:00:00Z,1,3
PL,2024,22,Nottingham,Southampton,2025-01-19T14:00:00Z,3,2
PL,2024,22,Everton,Tottenham,2025-01-19T14:00:00Z,3,2
PL,2024,22,Ipswich,Man City,2025-01-19T16:30:00Z,0,6
PL,2024,22,Chelsea,Wolves,2025-01-20T20:00:00Z,3,1
PL,2024,23,Liverpool,Ipswich,2025-01-25T15:00:00Z,4,1
PL,2024,23,Wolves,Arsenal,2025-01-25T15:00:00Z,0,1
PL,2024,23,Brighton,Everton,2025-01-25T15:00:00Z,0,1
PL,2024,23,Southampton,Newcastle,2025-01-25T15:00:00Z,1,3
PL,2024,23,Bournemouth,Nottingham,2025-01-25T15:00:00Z,5,0
PL,2024,23,Man City,Chelsea,2025-01-25T17:30:00Z,3,1
PL,2024,23,Crystal Palace,Brentford,2025-01-26T14:00:00Z,1,2
PL,2024,23,Tottenham,Leicester,2025-01-26T14:00:00Z,1,2
PL,2024,23,Aston Villa,West Ham,2025-01-26T16:30:00Z,1,1
PL,2024,23,Fulham,Man United,2025-01-26T19:00:00Z,0,1
PL,2024,24,Nottingham,Brighton,2025-02-01T12:30:00Z,7,0
PL,2024,24,Newcastle,Fulham,2025-02-01T15:00:00Z,1,2
PL,2024,24,Everton,Leicester,2025-02-01T15:00:00Z,4,0
PL,2024,24,Bournemouth,Liverpool,2025-02-01T15:00:00Z,0,2
PL,2024,24,Ipswich,Southampton,2025-02-01T15:00:00Z,1,2
PL,2024,24,Wolves,Aston Villa,2025-02-01T17:30:00Z,2,0
PL,2024,24,Man United,Crystal Palace,2025-02-02T14:00:00Z,0,2
PL,2024,24,Brentford,Tottenham,2025-02-02T14:00:00Z,0,2
PL,2024,24,Arsenal,Man City,2025-02-02T16:30:00Z,5,1
PL,2024,24,Chelsea,West Ham,2025-02-03T20:00:00Z,2,1
PL,2024,15,Everton,Liverpool,2025-02-12T19:30:00Z,2,2
PL,2024,25,Brighton,Chelsea,2025-02-14T20:00:00Z,3,0
PL,2024,25,Leicester,Arsenal,2025-02-15T12:30:00Z,0,2
PL,2024,25,Southampton,Bournemouth,2025-02-15T15:00:00Z,1,3
PL,2024,25,West Ham,Brentford,2025-02-15T15:00:00Z,0,1
PL,2024,25,Aston Villa,Ipswich,2025-02-15T15:00:00Z,1,1
PL,2024,25,Man City,Newcastle,2025-02-15T15:00:00Z,4,0
PL,2024,25,Fulham,Nottingham,2025-02-15T15:00:00Z,2,1
PL,2024,25,Crystal Palace,Everton,2025-02-15T17:30:00Z,1,2
PL,2024,25,Liverpool,Wolves,2025-02-16T14:00:00Z,2,1
PL,2024,25,Tottenham,Man United,2025-02-16T16:30:00Z,1,0
PL,2024,29,Aston Villa,Liverpool,2025-02-19T19:30:00Z,2,2
PL,2024,26,Leicester,Brentford,2025-02-21T20:00:00Z,0,4
PL,2024,26,Everton,Man United,2025-02-22T12:30:00Z,2,2
PL,2024,26,Ipswich,Tottenham,2025-02-22T15:00:00Z,1,4
PL,2024,26,Fulham,Crystal Palace,2025-02-22T15:00:00Z,0,2
PL,2024,26,Arsenal,West Ham,2025-02-22T15:00:00Z,0,1
PL,2024,26,Bournemouth,Wolves,2025-02-22T15:00:00Z,0,1
PL,2024,26,Southampton,Brighton,2025-02-22T15:00:00Z,0,4
PL,2024,26,Aston Villa,Chelsea,2025-02-22T17:30:00Z,2,1
PL,2024,26,Newcastle,Nottingham,2025-02-23T14:00:00Z,4,3
PL,2024,26,Man City,Liverpool,2025-02-23T16:30:00Z,0,2
PL,2024,27,Brighton,Bournemouth,2025-02-25T19:30:00Z,2,1
PL,2024,27,Crystal Palace,Aston Villa,2025-02-25T19:30:00Z,4,1
PL,2024,27,Wolves,Fulham,2025-02-25T19:30:00Z,1,2
PL,2024,27,Chelsea,Southampton,2025-02-25T20:15:00Z,4,0
PL,2024,27,Nottingham,Arsenal,2025-02-26T19:30:00Z,0,0
PL,2024,27,Brentford,Everton,2025-02-26T19:30:00Z,1,1
PL,2024,27,Tottenham,Man City,2025-02-26T19:30:00Z,0,1
PL,2024,27,Man United,Ipswich,2025-02-26T19:30:00Z,3,2
PL,2024,27,Liverpool,Newcastle,2025-02-26T20:15:00Z,2,0
PL,2024,27,West Ham,Leicester,2025-02-27T20:00:00Z,2,0
PL,2024,28,Nottingham,Man City,2025-03-08T12:30:00Z,1,0
PL,2024,28,Brighton,Fulham,2025-03-08T15:00:00Z,2,1
PL,2024,28,Crystal Palace,Ipswich,2025-03-08T15:00:00Z,1,0
PL,2024,28,Liverpool,Southampton,2025-03-08T15:00:00Z,3,1
PL,2024,28,Brentford,Aston Villa,2025-03-08T17:30:00Z,0,1
PL,2024,28,Wolves,Everton,2025-03-08T20:00:00Z,1,1
PL,2024,28,Tottenham,Bournemouth,2025-03-09T14:00:00Z,2,2
PL,2024,28,Chelsea,Leicester,2025-03-09T14:00:00Z,1,0
PL,2024,28,Man United,Arsenal,2025-03-09T16:30:00Z,1,1
PL,2024,28,West Ham,Newcastle,2025-03-10T20:00:00Z,0,1
PL,2024,29,Everton,West Ham,2025-03-15T15:00:00Z,1,1
PL,2024,29,Ipswich,Nottingham,2025-03-15T15:00:00Z,2,4
PL,2024,29,Man City,Brighton,2025-03-15T15:00:00Z,2,2
PL,2024,29,Southampton,Wolves,2025-03-15T15:00:00Z,1,2
PL,2024,29,Bournemouth,Brentford,2025-03-15T17:30:00Z,1,2
PL,2024,29,Arsenal,Chelsea,2025-03-16T13:30:00Z,1,0
PL,2024,29,Fulham,Tottenham,2025-03-16T13:30:00Z,2,0
PL,2024,29,Leicester,Man United,2025-03-16T19:00:00Z,0,3
PL,2024,30,Arsenal,Fulham,2025-04-01T18:45:00Z,2,1
PL,2024,30,Wolves,West Ham,2025-04-01T18:45:00Z,1,0
PL,2024,30,Nottingham,Man United,2025-04-01T19:00:00Z,1,0
PL,2024,30,Bournemouth,Ipswich,2025-04-02T18:45:00Z,1,2
PL,2024,30,Brighton,Aston Villa,2025-04-02T18:45:00Z,0,3
PL,2024,30,Man City,Leicester,2025-04-02T18:45:00Z,2,0
PL,2024,30,Newcastle,Brentford,2025-04-02T18:45:00Z,2,1
PL,2024,30,Southampton,Crystal Palace,2025-04-02T18:45:00Z,1,1
PL,2024,30,Liverpool,Everton,2025-04-02T19:00:00Z,1,0
PL,2024,30,Chelsea,Tottenham,2025-04-03T19:00:00Z,1,0
PL,2024,31,Everton,Arsenal,2025-04-05T11:30:00Z,1,1
PL,2024,31,Crystal Palace,Brighton,2025-04-05T14:00:00Z,2,1
PL,2024,31,Ipswich,Wolves,2025-04-05T14:00:00Z,1,2
PL,2024,31,West Ham,Bournemouth,2025-04-05T14:00:00Z,2,2
PL,2024,31,Aston Villa,Nottingham,2025-04-05T16:30:00Z,2,1
PL,2024,31,Brentford,Chelsea,2025-04-06T13:00:00Z,0,0
PL,2024,31,Fulham,Liverpool,2025-04-06T13:00:00Z,3,2
PL,2024,31,Tottenham,Southampton,2025-04-06T13:00:00Z,3,1
PL,2024,31,Man United,Man City,2025-04-06T15:30:00Z,0,0
PL,2024,31,Leicester,Newcastle,2025-04-07T19:00:00Z,0,3
PL,2024,32,Man City,Crystal Palace,2025-04-12T11:30:00Z,5,2
PL,2024,32,Brighton,Leicester,2025-04-12T14:00:00Z,2,2
PL,2024,32,Nottingham,Everton,2025-04-12T14:00:00Z,0,1
PL,2024,32,Southampton,Aston Villa,2025-04-12T14:00:00Z,0,3
PL,2024,32,Arsenal,Brentford,2025-04-12T16:30:00Z,1,1
PL,2024,32,Chelsea,Ipswich,2025-04-13T13:00:00Z,2,2
PL,2024,32,Liverpool,West Ham,2025-04-13T13:00:00Z,2,1
PL,2024,32,Wolves,Tottenham,2025-04-13T13:00:00Z,4,2
PL,2024,32,Newcastle,Man United,2025-04-13T15:30:00Z,4,1
PL,2024,32,Bournemouth,Fulham,2025-04-14T19:00:00Z,1,0
PL,2024,29,Newcastle,Crystal Palace,2025-04-16T18:30:00Z,5,0
PL,2024,33,Brentford,Brighton,2025-04-19T14:00:00Z,4,2
PL,2024,33,Crystal Palace,Bournemouth,2025-04-19T14:00:00Z,0,0
PL,2024,33,Everton,Man City,2025-04-19T14:00:00Z,0,2
PL,2024,33,West Ham,Southampton,2025-04-19T14:00:00Z,1,1
PL,2024,33,Aston Villa,Newcastle,2025-04-19T16:30:00Z,4,1
PL,2024,33,Fulham,Chelsea,2025-04-20T13:00:00Z,1,2
PL,2024,33,Ipswich,Arsenal,2025-04-20T13:00:00Z,0,4
PL,2024,33,Man United,Wolves,2025-04-20T13:00:00Z,0,1
PL,2024,33,Leicester,Liverpool,2025-04-20T15:30:00Z,0,1
PL,2024,33,Tottenham,Nottingham,2025-04-21T19:00:00Z,1,2
PL,2024,34,Man City,Aston Villa,2025-04-22T19:00:00Z,2,1
PL,2024,34,Arsenal,Crystal Palace,2025-04-23T19:00:00Z,2,2
PL,2024,34,Chelsea,Everton,2025-04-26T11:30:00Z,1,0
PL,2024,34,Brighton,West Ham,2025-04-26T14:00:00Z,3,2
PL,2024,34,Newcastle,Ipswich,2025-04-26T14:00:00Z,3,0
PL,2024,34,Southampton,Fulham,2025-04-26T14:00:00Z,1,2
PL,2024,34,Wolves,Leicester,2025-04-26T14:00:00Z,3,0
PL,2024,34,Bournemouth,Man United,2025-04-27T13:00:00Z,1,1
PL,2024,34,Liverpool,Tottenham,2025-04-27T15:30:00Z,5,1
PL,2024,34,Nottingham,Brentford,2025-05-01T18:30:00Z,0,2
PL,2024,35,Man City,Wolves,2025-05-02T19:00:00Z,1,0
PL,2024,35,Aston Villa,Fulham,2025-05-03T11:30:00Z,1,0
PL,2024,35,Everton,Ipswich,2025-05-03T14:00:00Z,2,2
PL,2024,35,Leicester,Southampton,2025-05-03T14:00:00Z,2,0
PL,2024,35,Arsenal,Bournemouth,2025-05-03T16:30:00Z,1,2
PL,2024,35,Brentford,Man United,2025-05-04T13:00:00Z,4,3
PL,2024,35,Brighton,Newcastle,2025-05-04T13:00:00Z,1,1
PL,2024,35,West Ham,Tottenham,2025-05-04T13:00:00Z,1,1
PL,2024,35,Chelsea,Liverpool,2025-05-04T15:30:00Z,3,1
PL,2024,35,Crystal Palace,Nottingham,2025-05-05T19:00:00Z,1,1
PL,2024,36,Fulham,Everton,2025-05-10T14:00:00Z,1,3
PL,2024,36,Ipswich,Brentford,2025-05-10T14:00:00Z,0,1
PL,2024,36,Southampton,Man City,2025-05-10T14:00:00Z,0,0
PL,2024,36,Wolves,Brighton,2025-05-10T14:00:00Z,0,2
PL,2024,36,Bournemouth,Aston Villa,2025-05-10T16:30:00Z,0,1
PL,2024,36,Newcastle,Chelsea,2025-05-11T11:00:00Z,2,0
PL,2024,36,Man United,West Ham,2025-05-11T13:15:00Z,0,2
PL,2024,36,Nottingham,Leicester,2025-05-11T13:15:00Z,2,2
PL,2024,36,Tottenham,Crystal Palace,2025-05-11T13:15:00Z,0,2
PL,2024,36,Liverpool,Arsenal,2025-05-11T15:30:00Z,2,2
PL,2024,37,Aston Villa,Tottenham,2025-05-16T18:30:00Z,2,0
PL,2024,37,Chelsea,Man United,2025-05-16T19:15:00Z,1,0
PL,2024,37,Everton,Southampton,2025-05-18T11:00:00Z,2,0
PL,2024,37,West Ham,Nottingham,2025-05-18T13:15:00Z,1,2
PL,2024,37,Brentford,Fulham,2025-05-18T14:00:00Z,2,3
PL,2024,37,Leicester,Ipswich,2025-05-18T14:00:00Z,2,0
PL,2024,37,Arsenal,Newcastle,2025-05-18T15:30:00Z,1,0
PL,2024,37,Brighton,Liverpool,2025-05-19T19:00:00Z,3,2
PL,2024,37,Crystal Palace,Wolves,2025-05-20T19:00:00Z,4,2
PL,2024,37,Man City,Bournemouth,2025-05-20T19:00:00Z,3,1
PL,2024,38,Bournemouth,Leicester,2025-05-25T15:00:00Z,2,0
PL,2024,38,Fulham,Man City,2025-05-25T15:00:00Z,0,2
PL,2024,38,Ipswich,West Ham,2025-05-25T15:00:00Z,1,3
PL,2024,38,Liverpool,Crystal Palace,2025-05-25T15:00:00Z,1,1
PL,2024,38,Man United,Aston Villa,2025-05-25T15:00:00Z,2,0
PL,2024,38,Newcastle,Everton,2025-05-25T15:00:00Z,0,1
PL,2024,38,Nottingham,Chelsea,2025-05-25T15:00:00Z,0,1
PL,2024,38,Southampton,Arsenal,2025-05-25T15:00:00Z,1,2
PL,2024,38,Tottenham,Brighton,2025-05-25T15:00:00Z,1,4
PL,2024,38,Wolves,Brentford,2025-05-25T15:00:00Z,1,1
PL,2023,1,Burnley,Man City,2023-08-11T19:00:00Z,0,3
PL,2023,1,Arsenal,Nottingham,2023-08-12T12:00:00Z,2,1
PL,2023,1,Bournemouth,West Ham,2023-08-12T14:00:00Z,1,1
PL,2023,1,Brighton,Luton Town FC,2023-08-12T14:00:00Z,4,1
PL,2023,1,Everton,Fulham,2023-08-12T14:00:00Z,0,1
PL,2023,1,Sheffield United FC,Crystal Palace,2023-08-12T14:00:00Z,0,1
PL,2023,1,Newcastle,Aston Villa,2023-08-12T16:30:00Z,5,1
PL,2023,1,Brentford,Tottenham,2023-08-13T13:00:00Z,2,2
PL,2023,1,Chelsea,Liverpool,2023-08-13T15:30:00Z,1,1
PL,2023,1,Man United,Wolves,2023-08-14T19:00:00Z,1,0
PL,2023,2,Nottingham,Sheffield United FC,2023-08-18T18:45:00Z,2,1
PL,2023,2,Fulham,Brentford,2023-08-19T14:00:00Z,0,3
PL,2023,2,Liverpool,Bournemouth,2023-08-19T14:00:00Z,3,1
PL,2023,2,Wolves,Brighton,2023-08-19T14:00:00Z,1,4
PL,2023,2,Tottenham,Man United,2023-08-19T16:30:00Z,2,0
PL,2023,2,Man City,Newcastle,2023-08-19T19:00:00Z,1,0
PL,2023,2,Aston Villa,Everton,2023-08-20T13:00:00Z,4,0
PL,2023,2,West Ham,Chelsea,2023-08-20T15:30:00Z,3,1
PL,2023,2,Crystal Palace,Arsenal,2023-08-21T19:00:00Z,0,1
PL,2023,3,Chelsea,Luton Town FC,2023-08-25T19:00:00Z,3,0
PL,2023,3,Bournemouth,Tottenham,2023-08-26T11:30:00Z,0,2
PL,2023,3,Everton,Wolves,2023-08-26T14:00:00Z,0,1
PL,2023,3,Man United,Nottingham,2023-08-26T14:00:00Z,3,2
PL,2023,3,Arsenal,Fulham,2023-08-26T14:00:00Z,2,2
PL,2023,3,Brentford,Crystal Palace,2023-08-26T14:00:00Z,1,1
PL,2023,3,Brighton,West Ham,2023-08-26T16:30:00Z,1,3
PL,2023,3,Sheffield United FC,Man City,2023-08-27T13:00:00Z,1,2
PL,2023,3,Burnley,Aston Villa,2023-08-27T13:00:00Z,1,3
PL,2023,3,Newcastle,Liverpool,2023-08-27T15:30:00Z,1,2
PL,2023,4,Luton Town FC,West Ham,2023-09-01T19:00:00Z,1,2
PL,2023,4,Sheffield United FC,Everton,2023-09-02T11:30:00Z,2,2
PL,2023,4,Brentford,Bournemouth,2023-09-02T14:00:00Z,2,2
PL,2023,4,Burnley,Tottenham,2023-09-02T14:00:00Z,2,5
PL,2023,4,Chelsea,Nottingham,2023-09-02T14:00:00Z,0,1
PL,2023,4,Man City,Fulham,2023-09-02T14:00:00Z,5,1
PL,2023,4,Brighton,Newcastle,2023-09-02T16:30:00Z,3,1
PL,2023,4,Crystal Palace,Wolves,2023-09-03T13:00:00Z,3,2
PL,2023,4,Liverpool,Aston Villa,2023-09-03T13:00:00Z,3,0
PL,2023,4,Arsenal,Man United,2023-09-03T15:30:00Z,3,1
PL,2023,5,Wolves,Liverpool,2023-09-16T11:30:00Z,1,3
PL,2023,5,Aston Villa,Crystal Palace,2023-09-16T14:00:00Z,3,1
PL,2023,5,Fulham,Luton Town FC,2023-09-16T14:00:00Z,1,0
PL,2023,5,Man United,Brighton,2023-09-16T14:00:00Z,1,3
PL,2023,5,Tottenham,Sheffield United FC,2023-09-16T14:00:00Z,2,1
PL,2023,5,West Ham,Man City,2023-09-16T14:00:00Z,1,3
PL,2023,5,Newcastle,Brentford,2023-09-16T16:30:00Z,1,0
PL,2023,5,Bournemouth,Chelsea,2023-09-17T13:00:00Z,0,0
PL,2023,5,Everton,Arsenal,2023-09-17T15:30:00Z,0,1
PL,2023,5,Nottingham,Burnley,2023-09-18T18:45:00Z,1,1
PL,2023,6,Crystal Palace,Fulham,2023-09-23T14:00:00Z,0,0
PL,2023,6,Luton Town FC,Wolves,2023-09-23T14:00:00Z,1,1
PL,2023,6,Man City,Nottingham,2023-09-23T14:00:00Z,2,0
PL,2023,6,Brentford,Everton,2023-09-23T16:30:00Z,1,3
PL,2023,6,Burnley,Man United,2023-09-23T19:00:00Z,0,1
PL,2023,6,Arsenal,Tottenham,2023-09-24T13:00:00Z,2,2
PL,2023,6,Brighton,Bournemouth,2023-09-24T13:00:00Z,3,1
PL,2023,6,Chelsea,Aston Villa,2023-09-24T13:00:00Z,0,1
PL,2023,6,Liverpool,West Ham,2023-09-24T13:00:00Z,3,1
PL,2023,6,Sheffield United FC,Newcastle,2023-09-24T15:30:00Z,0,8
PL,2023,7,Aston Villa,Brighton,2023-09-30T11:30:00Z,6,1
PL,2023,7,Bournemouth,Arsenal,2023-09-30T14:00:00Z,0,4
PL,2023,7,Everton,Luton Town FC,2023-09-30T14:00:00Z,1,2
PL,2023,7,Man United,Crystal Palace,2023-09-30T14:00:00Z,0,1
PL,2023,7,Newcastle,Burnley,2023-09-30T14:00:00Z,2,0
PL,2023,7,West Ham,Sheffield United FC,2023-09-30T14:00:00Z,2,0
PL,2023,7,Wolves,Man City,2023-09-30T14:00:00Z,2,1
PL,2023,7,Tottenham,Liverpool,2023-09-30T16:30:00Z,2,1
PL,2023,7,Nottingham,Brentford,2023-10-01T13:00:00Z,1,1
PL,2023,7,Fulham,Chelsea,2023-10-02T19:00:00Z,0,2
PL,2023,2,Luton Town FC,Burnley,2023-10-03T18:30:00Z,1,2
PL,2023,8,Luton Town FC,Tottenham,2023-10-07T11:30:00Z,0,1
PL,2023,8,Burnley,Chelsea,2023-10-07T14:00:00Z,1,4
PL,2023,8,Everton,Bournemouth,2023-10-07T14:00:00Z,3,0
PL,2023,8,Fulham,Sheffield United FC,2023-10-07T14:00:00Z,3,1
PL,2023,8,Man United,Brentford,2023-10-07T14:00:00Z,2,1
PL,2023,8,Crystal Palace,Nottingham,2023-10-07T16:30:00Z,0,0
PL,2023,8,Brighton,Liverpool,2023-10-08T13:00:00Z,2,2
PL,2023,8,West Ham,Newcastle,2023-10-08T13:00:00Z,2,2
PL,2023,8,Wolves,Aston Villa,2023-10-08T13:00:00Z,1,1
PL,2023,8,Arsenal,Man City,2023-10-08T15:30:00Z,1,0
PL,2023,9,Liverpool,Everton,2023-10-21T11:30:00Z,2,0
PL,2023,9,Bournemouth,Wolves,2023-10-21T14:00:00Z,1,2
PL,2023,9,Brentford,Burnley,2023-10-21T14:00:00Z,3,0
PL,2023,9,Man City,Brighton,2023-10-21T14:00:00Z,2,1
PL,2023,9,Newcastle,Crystal Palace,2023-10-21T14:00:00Z,4,0
PL,2023,9,Nottingham,Luton Town FC,2023-10-21T14:00:00Z,2,2
PL,2023,9,Chelsea,Arsenal,2023-10-21T16:30:00Z,2,2
PL,2023,9,Sheffield United FC,Man United,2023-10-21T19:00:00Z,1,2
PL,2023,9,Aston Villa,West Ham,2023-10-22T15:30:00Z,4,1
PL,2023,9,Tottenham,Fulham,2023-10-23T19:00:00Z,2,0
PL,2023,10,Crystal Palace,Tottenham,2023-10-27T19:00:00Z,1,2
PL,2023,10,Chelsea,Brentford,2023-10-28T11:30:00Z,0,2
PL,2023,10,Bournemouth,Burnley,2023-10-28T14:00:00Z,2,1
PL,2023,10,Arsenal,Sheffield United FC,2023-10-28T14:00:00Z,5,0
PL,2023,10,Wolves,Newcastle,2023-10-28T16:30:00Z,2,2
PL,2023,10,West Ham,Everton,2023-10-29T13:00:00Z,0,1
PL,2023,10,Aston Villa,Luton Town FC,2023-10-29T14:00:00Z,3,1
PL,2023,10,Brighton,Fulham,2023-10-29T14:00:00Z,1,1
PL,2023,10,Liverpool,Nottingham,2023-10-29T14:00:00Z,3,0
PL,2023,10,Man United,Man City,2023-10-29T15:30:00Z,0,3
PL,2023,11,Fulham,Man United,2023-11-04T12:30:00Z,0,1
PL,2023,11,Brentford,West Ham,2023-11-04T15:00:00Z,3,2
PL,2023,11,Burnley,Crystal Palace,2023-11-04T15:00:00Z,0,2
PL,2023,11,Everton,Brighton,2023-11-04T15:00:00Z,1,1
PL,2023,11,Man City,Bournemouth,2023-11-04T15:00:00Z,6,1
PL,2023,11,Sheffield United FC,Wolves,2023-11-04T15:00:00Z,2,1
PL,2023,11,Newcastle,Arsenal,2023-11-04T17:30:00Z,1,0
PL,2023,11,Nottingham,Aston Villa,2023-11-05T14:00:00Z,2,0
PL,2023,11,Luton Town FC,Liverpool,2023-11-05T16:30:00Z,1,1
PL,2023,11,Tottenham,Chelsea,2023-11-06T20:00:00Z,1,4
PL,2023,12,Wolves,Tottenham,2023-11-11T12:30:00Z,2,1
PL,2023,12,Arsenal,Burnley,2023-11-11T15:00:00Z,3,1
PL,2023,12,Crystal Palace,Everton,2023-11-11T15:00:00Z,2,3
PL,2023,12,Man United,Luton Town FC,2023-11-11T15:00:00Z,1,0
PL,2023,12,Bournemouth,Newcastle,2023-11-11T17:30:00Z,2,0
PL,2023,12,Aston Villa,Fulham,2023-11-12T14:00:00Z,3,1
PL,2023,12,Brighton,Sheffield United FC,2023-11-12T14:00:00Z,1,1
PL,2023,12,Liverpool,Brentford,2023-11-12T14:00:00Z,3,0
PL,2023,12,West Ham,Nottingham,2023-11-12T14:00:00Z,3,2
PL,2023,12,Chelsea,Man City,2023-11-12T16:30:00Z,4,4
PL,2023,13,Man City,Liverpool,2023-11-25T12:30:00Z,1,1
PL,2023,13,Burnley,West Ham,2023-11-25T15:00:00Z,1,2
PL,2023,13,Luton Town FC,Crystal Palace,2023-11-25T15:00:00Z,2,1
PL,2023,13,Newcastle,Chelsea,2023-11-25T15:00:00Z,4,1
PL,2023,13,Nottingham,Brighton,2023-11-25T15:00:00Z,2,3
PL,2023,13,Sheffield United FC,Bournemouth,2023-11-25T15:00:00Z,1,3
PL,2023,13,Brentford,Arsenal,2023-11-25T17:30:00Z,0,1
PL,2023,13,Tottenham,Aston Villa,2023-11-26T14:00:00Z,1,2
PL,2023,13,Everton,Man United,2023-11-26T16:30:00Z,0,3
PL,2023,13,Fulham,Wolves,2023-11-27T20:00:00Z,3,2
PL,2023,14,Arsenal,Wolves,2023-12-02T15:00:00Z,2,1
PL,2023,14,Brentford,Luton Town FC,2023-12-02T15:00:00Z,3,1
PL,2023,14,Burnley,Sheffield United FC,2023-12-02T15:00:00Z,5,0
PL,2023,14,Nottingham,Everton,2023-12-02T17:30:00Z,0,1
PL,2023,14,Newcastle,Man United,2023-12-02T20:00:00Z,1,0
PL,2023,14,Bournemouth,Aston Villa,2023-12-03T14:00:00Z,2,2
PL,2023,14,Chelsea,Brighton,2023-12-03T14:00:00Z,3,2
PL,2023,14,Liverpool,Fulham,2023-12-03T14:00:00Z,4,3
PL,2023,14,West Ham,Crystal Palace,2023-12-03T14:00:00Z,1,1
PL,2023,14,Man City,Tottenham,2023-12-03T16:30:00Z,3,3
PL,2023,15,Wolves,Burnley,2023-12-05T19:30:00Z,1,0
PL,2023,15,Luton Town FC,Arsenal,2023-12-05T20:15:00Z,3,4
PL,2023,15,Brighton,Brentford,2023-12-06T19:30:00Z,2,1
PL,2023,15,Fulham,Nottingham,2023-12-06T19:30:00Z,5,0
PL,2023,15,Sheffield United FC,Liverpool,2023-12-06T19:30:00Z,0,2
PL,2023,15,Crystal Palace,Bournemouth,2023-12-06T19:30:00Z,0,2
PL,2023,15,Aston Villa,Man City,2023-12-06T20:15:00Z,1,0
PL,2023,15,Man United,Chelsea,2023-12-06T20:15:00Z,2,1
PL,2023,15,Everton,Newcastle,2023-12-07T19:30:00Z,3,0
PL,2023,15,Tottenham,West Ham,2023-12-07T20:15:00Z,1,2
PL,2023,16,Crystal Palace,Liverpool,2023-12-09T12:30:00Z,1,2
PL,2023,16,Brighton,Burnley,2023-12-09T15:00:00Z,1,1
PL,2023,16,Man United,Bournemouth,2023-12-09T15:00:00Z,0,3
PL,2023,16,Sheffield United FC,Brentford,2023-12-09T15:00:00Z,1,0
PL,2023,16,Wolves,Nottingham,2023-12-09T15:00:00Z,1,1
PL,2023,16,Aston Villa,Arsenal,2023-12-09T17:30:00Z,1,0
PL,2023,16,Everton,Chelsea,2023-12-10T14:00:00Z,2,0
PL,2023,16,Fulham,West Ham,2023-12-10T14:00:00Z,5,0
PL,2023,16,Luton Town FC,Man City,2023-12-10T14:00:00Z,1,2
PL,2023,16,Tottenham,Newcastle,2023-12-10T16:30:00Z,4,1
PL,2023,17,Nottingham,Tottenham,2023-12-15T20:00:00Z,0,2
PL,2023,17,Chelsea,Sheffield United FC,2023-12-16T15:00:00Z,2,0
PL,2023,17,Man City,Crystal Palace,2023-12-16T15:00:00Z,2,2
PL,2023,17,Newcastle,Fulham,2023-12-16T15:00:00Z,3,0
PL,2023,17,Burnley,Everton,2023-12-16T17:30:00Z,0,2
PL,2023,17,Arsenal,Brighton,2023-12-17T14:00:00Z,2,0
PL,2023,17,Brentford,Aston Villa,2023-12-17T14:00:00Z,1,2
PL,2023,17,West Ham,Wolves,2023-12-17T14:00:00Z,3,0
PL,2023,17,Liverpool,Man United,2023-12-17T16:30:00Z,0,0
PL,2023,18,Crystal Palace,Brighton,2023-12-21T20:00:00Z,1,1
PL,2023,18,Aston Villa,Sheffield United FC,2023-12-22T20:00:00Z,1,1
PL,2023,18,West Ham,Man United,2023-12-23T12:30:00Z,2,0
PL,2023,18,Fulham,Burnley,2023-12-23T15:00:00Z,0,2
PL,2023,18,Luton Town FC,Newcastle,2023-12-23T15:00:00Z,1,0
PL,2023,18,Nottingham,Bournemouth,2023-12-23T15:00:00Z,2,3
PL,2023,18,Tottenham,Everton,2023-12-23T15:00:00Z,2,1
PL,2023,18,Liverpool,Arsenal,2023-12-23T17:30:00Z,1,1
PL,2023,18,Wolves,Chelsea,2023-12-24T13:00:00Z,2,1
PL,2023,19,Newcastle,Nottingham,2023-12-26T12:30:00Z,1,3
PL,2023,19,Bournemouth,Fulham,2023-12-26T15:00:00Z,3,0
PL,2023,19,Sheffield United FC,Luton Town FC,2023-12-26T15:00:00Z,2,3
PL,2023,19,Burnley,Liverpool,2023-12-26T17:30:00Z,0,2
PL,2023,19,Man United,Aston Villa,2023-12-26T20:00:00Z,3,2
PL,2023,19,Brentford,Wolves,2023-12-27T19:30:00Z,1,4
PL,2023,19,Chelsea,Crystal Palace,2023-12-27T19:30:00Z,2,1
PL,2023,19,Everton,Man City,2023-12-27T20:15:00Z,1,3
PL,2023,19,Brighton,Tottenham,2023-12-28T19:30:00Z,4,2
PL,2023,19,Arsenal,West Ham,2023-12-28T20:15:00Z,0,2
PL,2023,20,Luton Town FC,Chelsea,2023-12-30T12:30:00Z,2,3
PL,2023,20,Aston Villa,Burnley,2023-12-30T15:00:00Z,3,2
PL,2023,20,Crystal Palace,Brentford,2023-12-30T15:00:00Z,3,1
PL,2023,20,Man City,Sheffield United FC,2023-12-30T15:00:00Z,2,0
PL,2023,20,Wolves,Everton,2023-12-30T15:00:00Z,3,0
PL,2023,20,Nottingham,Man United,2023-12-30T17:30:00Z,2,1
PL,2023,20,Fulham,Arsenal,2023-12-31T14:00:00Z,2,1
PL,2023,20,Tottenham,Bournemouth,2023-12-31T14:00:00Z,3,1
PL,2023,20,Liverpool,Newcastle,2024-01-01T20:00:00Z,4,2
PL,2023,20,West Ham,Brighton,2024-01-02T19:30:00Z,0,0
PL,2023,21,Burnley,Luton Town FC,2024-01-12T19:45:00Z,1,1
PL,2023,21,Chelsea,Fulham,2024-01-13T12:30:00Z,1,0
PL,2023,21,Newcastle,Man City,2024-01-13T17:30:00Z,2,3
PL,2023,21,Everton,Aston Villa,2024-01-14T14:00:00Z,0,0
PL,2023,21,Man United,Tottenham,2024-01-14T16:30:00Z,2,2
PL,2023,21,Arsenal,Crystal Palace,2024-01-20T12:30:00Z,5,0
PL,2023,21,Brentford,Nottingham,2024-01-20T17:30:00Z,3,2
PL,2023,21,Sheffield United FC,West Ham,2024-01-21T14:00:00Z,2,2
PL,2023,21,Bournemouth,Liverpool,2024-01-21T16:30:00Z,0,4
PL,2023,21,Brighton,Wolves,2024-01-22T19:45:00Z,0,0
PL,2023,22,Nottingham,Arsenal,2024-01-30T19:30:00Z,1,2
PL,2023,22,Luton Town FC,Brighton,2024-01-30T19:45:00Z,4,0
PL,2023,22,Fulham,Everton,2024-01-30T19:45:00Z,0,0
PL,2023,22,Crystal Palace,Sheffield United FC,2024-01-30T20:00:00Z,3,2
PL,2023,22,Aston Villa,Newcastle,2024-01-30T20:15:00Z,1,3
PL,2023,22,Tottenham,Brentford,2024-01-31T19:30:00Z,3,2
PL,2023,22,Man City,Burnley,2024-01-31T19:30:00Z,3,1
PL,2023,22,Liverpool,Chelsea,2024-01-31T20:15:00Z,4,1
PL,2023,22,West Ham,Bournemouth,2024-02-01T19:30:00Z,1,1
PL,2023,22,Wolves,Man United,2024-02-01T20:15:00Z,3,4
PL,2023,23,Everton,Tottenham,2024-02-03T12:30:00Z,2,2
PL,2023,23,Brighton,Crystal Palace,2024-02-03T15:00:00Z,4,1
PL,2023,23,Burnley,Fulham,2024-02-03T15:00:00Z,2,2
PL,2023,23,Newcastle,Luton Town FC,2024-02-03T15:00:00Z,4,4
PL,2023,23,Sheffield United FC,Aston Villa,2024-02-03T17:30:00Z,0,5
PL,2023,23,Bournemouth,Nottingham,2024-02-04T14:00:00Z,1,1
PL,2023,23,Chelsea,Wolves,2024-02-04T14:00:00Z,2,4
PL,2023,23,Man United,West Ham,2024-02-04T14:00:00Z,3,0
PL,2023,23,Arsenal,Liverpool,2024-02-04T16:30:00Z,3,1
PL,2023,23,Brentford,Man City,2024-02-05T20:00:00Z,1,3
PL,2023,24,Man City,Everton,2024-02-10T12:30:00Z,2,0
PL,2023,24,Fulham,Bournemouth,2024-02-10T15:00:00Z,3,1
PL,2023,24,Liverpool,Burnley,2024-02-10T15:00:00Z,3,1
PL,2023,24,Luton Town FC,Sheffield United FC,2024-02-10T15:00:00Z,1,3
PL,2023,24,Tottenham,Brighton,2024-02-10T15:00:00Z,2,1
PL,2023,24,Wolves,Brentford,2024-02-10T15:00:00Z,0,2
PL,2023,24,Nottingham,Newcastle,2024-02-10T17:30:00Z,2,3
PL,2023,24,West Ham,Arsenal,2024-02-11T14:00:00Z,0,6
PL,2023,24,Aston Villa,Man United,2024-02-11T16:30:00Z,1,2
PL,2023,24,Crystal Palace,Chelsea,2024-02-12T20:00:00Z,1,3
PL,2023,25,Brentford,Liverpool,2024-02-17T12:30:00Z,1,4
PL,2023,25,Burnley,Arsenal,2024-02-17T15:00:00Z,0,5
PL,2023,25,Fulham,Aston Villa,2024-02-17T15:00:00Z,1,2
PL,2023,25,Newcastle,Bournemouth,2024-02-17T15:00:00Z,2,2
PL,2023,25,Nottingham,West Ham,2024-02-17T15:00:00Z,2,0
PL,2023,25,Tottenham,Wolves,2024-02-17T15:00:00Z,1,2
PL,2023,25,Man City,Chelsea,2024-02-17T17:30:00Z,1,1
PL,2023,25,Sheffield United FC,Brighton,2024-02-18T14:00:00Z,0,5
PL,2023,25,Luton Town FC,Man United,2024-02-18T16:30:00Z,1,2
PL,2023,25,Everton,Crystal Palace,2024-02-19T20:00:00Z,1,1
PL,2023,18,Man City,Brentford,2024-02-20T19:30:00Z,1,0
PL,2023,26,Liverpool,Luton Town FC,2024-02-21T19:30:00Z,4,1
PL,2023,26,Aston Villa,Nottingham,2024-02-24T15:00:00Z,4,2
PL,2023,26,Brighton,Everton,2024-02-24T15:00:00Z,1,1
PL,2023,26,Crystal Palace,Burnley,2024-02-24T15:00:00Z,3,0
PL,2023,26,Man United,Fulham,2024-02-24T15:00:00Z,1,2
PL,2023,26,Bournemouth,Man City,2024-02-24T17:30:00Z,0,1
PL,2023,26,Arsenal,Newcastle,2024-02-24T20:00:00Z,4,1
PL,2023,26,Wolves,Sheffield United FC,2024-02-25T13:30:00Z,1,0
PL,2023,26,West Ham,Brentford,2024-02-26T20:00:00Z,4,2
PL,2023,27,Brentford,Chelsea,2024-03-02T15:00:00Z,2,2
PL,2023,27,Everton,West Ham,2024-03-02T15:00:00Z,1,3
PL,2023,27,Fulham,Brighton,2024-03-02T15:00:00Z,3,0
PL,2023,27,Newcastle,Wolves,2024-03-02T15:00:00Z,3,0
PL,2023,27,Nottingham,Liverpool,2024-03-02T15:00:00Z,0,1
PL,2023,27,Tottenham,Crystal Palace,2024-03-02T15:00:00Z,3,1
PL,2023,27,Luton Town FC,Aston Villa,2024-03-02T17:30:00Z,2,3
PL,2023,27,Burnley,Bournemouth,2024-03-03T13:00:00Z,0,2
PL,2023,27,Man City,Man United,2024-03-03T15:30:00Z,3,1
PL,2023,27,Sheffield United FC,Arsenal,2024-03-04T20:00:00Z,0,6
PL,2023,28,Man United,Everton,2024-03-09T12:30:00Z,2,0
PL,2023,28,Bournemouth,Sheffield United FC,2024-03-09T15:00:00Z,2,2
PL,2023,28,Crystal Palace,Luton Town FC,2024-03-09T15:00:00Z,1,1
PL,2023,28,Wolves,Fulham,2024-03-09T15:00:00Z,2,1
PL,2023,28,Arsenal,Brentford,2024-03-09T17:30:00Z,2,1
PL,2023,28,Aston Villa,Tottenham,2024-03-10T13:00:00Z,0,4
PL,2023,28,Brighton,Nottingham,2024-03-10T14:00:00Z,1,0
PL,2023,28,West Ham,Burnley,2024-03-10T14:00:00Z,2,2
PL,2023,28,Liverpool,Man City,2024-03-10T15:45:00Z,1,1
PL,2023,28,Chelsea,Newcastle,2024-03-11T20:00:00Z,3,2
PL,2023,17,Bournemouth,Luton Town FC,2024-03-13T19:30:00Z,4,3
PL,2023,29,Burnley,Brentford,2024-03-16T15:00:00Z,2,1
PL,2023,29,Luton Town FC,Nottingham,2024-03-16T15:00:00Z,1,1
PL,2023,29,Fulham,Tottenham,2024-03-16T17:30:00Z,3,0
PL,2023,29,West Ham,Aston Villa,2024-03-17T14:00:00Z,1,1
PL,2023,30,Newcastle,West Ham,2024-03-30T12:30:00Z,4,3
PL,2023,30,Bournemouth,Everton,2024-03-30T15:00:00Z,2,1
PL,2023,30,Chelsea,Burnley,2024-03-30T15:00:00Z,2,2
PL,2023,30,Nottingham,Crystal Palace,2024-03-30T15:00:00Z,1,1
PL,2023,30,Sheffield United FC,Fulham,2024-03-30T15:00:00Z,3,3
PL,2023,30,Tottenham,Luton Town FC,2024-03-30T15:00:00Z,2,1
PL,2023,30,Aston Villa,Wolves,2024-03-30T17:30:00Z,2,0
PL,2023,30,Brentford,Man United,2024-03-30T20:00:00Z,1,1
PL,2023,30,Liverpool,Brighton,2024-03-31T13:00:00Z,2,1
PL,2023,30,Man City,Arsenal,2024-03-31T15:30:00Z,0,0
PL,2023,31,Nottingham,Fulham,2024-04-02T18:30:00Z,3,1
PL,2023,31,Newcastle,Everton,2024-04-02T18:30:00Z,1,1
PL,2023,31,Bournemouth,Crystal Palace,2024-04-02T18:45:00Z,1,0
PL,2023,31,Burnley,Wolves,2024-04-02T18:45:00Z,1,1
PL,2023,31,West Ham,Tottenham,2024-04-02T19:15:00Z,1,1
PL,2023,31,Arsenal,Luton Town FC,2024-04-03T18:30:00Z,2,0
PL,2023,31,Brentford,Brighton,2024-04-03T18:30:00Z,0,0
PL,2023,31,Man City,Aston Villa,2024-04-03T19:15:00Z,4,1
PL,2023,31,Liverpool,Sheffield United FC,2024-04-04T18:30:00Z,3,1
PL,2023,31,Chelsea,Man United,2024-04-04T19:15:00Z,4,3
PL,2023,32,Crystal Palace,Man City,2024-04-06T11:30:00Z,2,4
PL,2023,32,Aston Villa,Brentford,2024-04-06T14:00:00Z,3,3
PL,2023,32,Everton,Burnley,2024-04-06T14:00:00Z,1,0
PL,2023,32,Fulham,Newcastle,2024-04-06T14:00:00Z,0,1
PL,2023,32,Luton Town FC,Bournemouth,2024-04-06T14:00:00Z,2,1
PL,2023,32,Wolves,West Ham,2024-04-06T14:00:00Z,1,2
PL,2023,32,Brighton,Arsenal,2024-04-06T16:30:00Z,0,3
PL,2023,32,Man United,Liverpool,2024-04-07T14:30:00Z,2,2
PL,2023,32,Sheffield United FC,Chelsea,2024-04-07T16:30:00Z,2,2
PL,2023,32,Tottenham,Nottingham,2024-04-07T17:00:00Z,3,1
PL,2023,33,Newcastle,Tottenham,2024-04-13T11:30:00Z,4,0
PL,2023,33,Brentford,Sheffield United FC,2024-04-13T14:00:00Z,2,0
PL,2023,33,Burnley,Brighton,2024-04-13T14:00:00Z,1,1
PL,2023,33,Man City,Luton Town FC,2024-04-13T14:00:00Z,5,1
PL,2023,33,Nottingham,Wolves,2024-04-13T14:00:00Z,2,2
PL,2023,33,Bournemouth,Man United,2024-04-13T16:30:00Z,2,2
PL,2023,33,Liverpool,Crystal Palace,2024-04-14T13:00:00Z,0,1
PL,2023,33,West Ham,Fulham,2024-04-14T13:00:00Z,0,2
PL,2023,33,Arsenal,Aston Villa,2024-04-14T15:30:00Z,0,2
PL,2023,33,Chelsea,Everton,2024-04-15T19:00:00Z,6,0
PL,2023,34,Luton Town FC,Brentford,2024-04-20T14:00:00Z,1,5
PL,2023,34,Sheffield United FC,Burnley,2024-04-20T14:00:00Z,1,4
PL,2023,34,Wolves,Arsenal,2024-04-20T18:30:00Z,0,2
PL,2023,34,Everton,Nottingham,2024-04-21T12:30:00Z,2,0
PL,2023,34,Aston Villa,Bournemouth,2024-04-21T14:00:00Z,3,1
PL,2023,34,Crystal Palace,West Ham,2024-04-21T14:00:00Z,5,2
PL,2023,34,Fulham,Liverpool,2024-04-21T15:30:00Z,1,3
PL,2023,29,Arsenal,Chelsea,2024-04-23T19:00:00Z,5,0
PL,2023,29,Wolves,Bournemouth,2024-04-24T18:45:00Z,0,1
PL,2023,29,Crystal Palace,Newcastle,2024-04-24T19:00:00Z,2,0
PL,2023,29,Everton,Liverpool,2024-04-24T19:00:00Z,2,0
PL,2023,29,Man United,Sheffield United FC,2024-04-24T19:00:00Z,4,2
PL,2023,29,Brighton,Man City,2024-04-25T19:00:00Z,0,4
PL,2023,35,West Ham,Liverpool,2024-04-27T11:30:00Z,2,2
PL,2023,35,Fulham,Crystal Palace,2024-04-27T14:00:00Z,1,1
PL,2023,35,Man United,Burnley,2024-04-27T14:00:00Z,1,1
PL,2023,35,Newcastle,Sheffield United FC,2024-04-27T14:00:00Z,5,1
PL,2023,35,Wolves,Luton Town FC,2024-04-27T14:00:00Z,2,1
PL,2023,35,Everton,Brentford,2024-04-27T16:30:00Z,1,0
PL,2023,35,Aston Villa,Chelsea,2024-04-27T19:00:00Z,2,2
PL,2023,35,Bournemouth,Brighton,2024-04-28T13:00:00Z,3,0
PL,2023,35,Tottenham,Arsenal,2024-04-28T13:00:00Z,2,3
PL,2023,35,Nottingham,Man City,2024-04-28T15:30:00Z,0,2
PL,2023,26,Chelsea,Tottenham,2024-05-02T18:30:00Z,2,0
PL,2023,36,Luton Town FC,Everton,2024-05-03T19:00:00Z,1,1
PL,2023,36,Arsenal,Bournemouth,2024-05-04T11:30:00Z,3,0
PL,2023,36,Brentford,Fulham,2024-05-04T14:00:00Z,0,0
PL,2023,36,Burnley,Newcastle,2024-05-04T14:00:00Z,1,4
PL,2023,36,Sheffield United FC,Nottingham,2024-05-04T14:00:00Z,1,3
PL,2023,36,Man City,Wolves,2024-05-04T16:30:00Z,5,1
PL,2023,36,Brighton,Aston Villa,2024-05-05T13:00:00Z,1,0
PL,2023,36,Chelsea,West Ham,2024-05-05T13:00:00Z,5,0
PL,2023,36,Liverpool,Tottenham,2024-05-05T15:30:00Z,4,2
PL,2023,36,Crystal Palace,Man United,2024-05-06T19:00:00Z,4,0
PL,2023,37,Fulham,Man City,2024-05-11T11:30:00Z,0,4
PL,2023,37,Bournemouth,Brentford,2024-05-11T14:00:00Z,1,2
PL,2023,37,Everton,Sheffield United FC,2024-05-11T14:00:00Z,1,0
PL,2023,37,Newcastle,Brighton,2024-05-11T14:00:00Z,1,1
PL,2023,37,Tottenham,Burnley,2024-05-11T14:00:00Z,2,1
PL,2023,37,West Ham,Luton Town FC,2024-05-11T14:00:00Z,3,1
PL,2023,37,Wolves,Crystal Palace,2024-05-11T14:00:00Z,1,3
PL,2023,37,Nottingham,Chelsea,2024-05-11T16:30:00Z,2,3
PL,2023,37,Man United,Arsenal,2024-05-12T15:30:00Z,0,1
PL,2023,37,Aston Villa,Liverpool,2024-05-13T19:00:00Z,3,3
PL,2023,34,Tottenham,Man City,2024-05-14T19:00:00Z,0,2
PL,2023,34,Brighton,Chelsea,2024-05-15T18:45:00Z,1,2
PL,2023,34,Man United,Newcastle,2024-05-15T19:00:00Z,3,2
PL,2023,38,Arsenal,Everton,2024-05-19T15:00:00Z,2,1
PL,2023,38,Brentford,Newcastle,2024-05-19T15:00:00Z,2,4
PL,2023,38,Brighton,Man United,2024-05-19T15:00:00Z,0,2
PL,2023,38,Burnley,Nottingham,2024-05-19T15:00:00Z,1,2
PL,2023,38,Chelsea,Bournemouth,2024-05-19T15:00:00Z,2,1
PL,2023,38,Crystal Palace,Aston Villa,2024-05-19T15:00:00Z,5,0
PL,2023,38,Liverpool,Wolves,2024-05-19T15:00:00Z,2,0
PL,2023,38,Luton Town FC,Fulham,2024-05-19T15:00:00Z,2,4
PL,2023,38,Man City,West Ham,2024-05-19T15:00:00Z,3,1
PL,2023,38,Sheffield United FC,Tottenham,2024-05-19T15:00:00Z,0,3
PD,2024,1,Athletic Club,Getafe,2024-08-15T17:00:00Z,1,1
PD,2024,1,Real Betis,Girona,2024-08-15T19:30:00Z,1,1
PD,2024,1,Celta,Alaves,2024-08-16T17:00:00Z,2,1
PD,2024,1,Las Palmas,Sevilla,2024-08-16T19:30:00Z,2,2
PD,2024,1,Osasuna,Leganes,2024-08-17T17:00:00Z,1,1
PD,2024,1,Valencia,Barcelona,2024-08-17T19:30:00Z,1,2
PD,2024,1,Real Sociedad,Rayo,2024-08-18T17:00:00Z,1,2
PD,2024,1,Mallorca,Real Madrid,2024-08-18T19:30:00Z,1,1
PD,2024,1,Valladolid,Espanyol,2024-08-19T17:00:00Z,1,0
PD,2024,1,Villarreal,Atletico,2024-08-19T19:30:00Z,2,2
PD,2024,2,Celta,Valencia,2024-08-23T17:00:00Z,3,1
PD,2024,2,Sevilla,Villarreal,2024-08-23T19:30:00Z,1,2
PD,2024,2,Osasuna,Mallorca,2024-08-24T15:00:00Z,1,0
PD,2024,2,Barcelona,Athletic Club,2024-08-24T17:00:00Z,2,1
PD,2024,2,Getafe,Rayo,2024-08-24T19:30:00Z,0,0
PD,2024,2,Espanyol,Real Sociedad,2024-08-24T19:30:00Z,0,1
PD,2024,2,Real Madrid,Valladolid,2024-08-25T15:00:00Z,3,0
PD,2024,2,Leganes,Las Palmas,2024-08-25T17:00:00Z,2,1
PD,2024,2,Alaves,Real Betis,2024-08-25T17:15:00Z,0,0
PD,2024,2,Atletico,Girona,2024-08-25T19:30:00Z,3,0
PD,2024,3,Villarreal,Celta,2024-08-26T19:30:00Z,4,3
PD,2024,3,Mallorca,Sevilla,2024-08-27T17:00:00Z,0,0
PD,2024,3,Rayo,Barcelona,2024-08-27T19:30:00Z,1,2
PD,2024,3,Athletic Club,Valencia,2024-08-28T17:00:00Z,1,0
PD,2024,3,Valladolid,Leganes,2024-08-28T17:00:00Z,0,0
PD,2024,3,Real Sociedad,Alaves,2024-08-28T19:30:00Z,1,2
PD,2024,3,Atletico,Espanyol,2024-08-28T19:30:00Z,0,0
PD,2024,3,Girona,Osasuna,2024-08-29T17:00:00Z,4,0
PD,2024,3,Las Palmas,Real Madrid,2024-08-29T19:30:00Z,1,1
PD,2024,4,Barcelona,Valladolid,2024-08-31T15:00:00Z,7,0
PD,2024,4,Athletic Club,Atletico,2024-08-31T17:00:00Z,0,1
PD,2024,4,Espanyol,Rayo,2024-08-31T17:15:00Z,2,1
PD,2024,4,Leganes,Mallorca,2024-08-31T19:30:00Z,0,1
PD,2024,4,Valencia,Villarreal,2024-08-31T19:30:00Z,1,1
PD,2024,4,Osasuna,Celta,2024-09-01T15:00:00Z,3,2
PD,2024,4,Alaves,Las Palmas,2024-09-01T15:00:00Z,2,0
PD,2024,4,Sevilla,Girona,2024-09-01T17:00:00Z,0,2
PD,2024,4,Getafe,Real Sociedad,2024-09-01T17:15:00Z,0,0
PD,2024,4,Real Madrid,Real Betis,2024-09-01T19:30:00Z,2,0
PD,2024,5,Real Betis,Leganes,2024-09-13T19:00:00Z,2,0
PD,2024,5,Mallorca,Villarreal,2024-09-14T12:00:00Z,1,2
PD,2024,5,Espanyol,Alaves,2024-09-14T14:15:00Z,3,2
PD,2024,5,Sevilla,Getafe,2024-09-14T16:30:00Z,1,0
PD,2024,5,Real Sociedad,Real Madrid,2024-09-14T19:00:00Z,0,2
PD,2024,5,Celta,Valladolid,2024-09-15T12:00:00Z,3,1
PD,2024,5,Girona,Barcelona,2024-09-15T14:15:00Z,1,4
PD,2024,5,Las Palmas,Athletic Club,2024-09-15T16:30:00Z,2,3
PD,2024,5,Atletico,Valencia,2024-09-15T19:00:00Z,3,0
PD,2024,5,Rayo,Osasuna,2024-09-16T19:00:00Z,3,1
PD,2024,7,Mallorca,Real Sociedad,2024-09-17T17:00:00Z,1,0
PD,2024,3,Real Betis,Getafe,2024-09-18T17:00:00Z,2,1
PD,2024,7,Leganes,Athletic Club,2024-09-19T17:00:00Z,0,2
PD,2024,6,Alaves,Sevilla,2024-09-20T19:00:00Z,2,1
PD,2024,6,Valladolid,Real Sociedad,2024-09-21T12:00:00Z,0,0
PD,2024,6,Osasuna,Las Palmas,2024-09-21T14:15:00Z,2,1
PD,2024,6,Valencia,Girona,2024-09-21T16:30:00Z,2,0
PD,2024,6,Real Madrid,Espanyol,2024-09-21T19:00:00Z,4,1
PD,2024,6,Getafe,Leganes,2024-09-22T12:00:00Z,1,1
PD,2024,6,Athletic Club,Celta,2024-09-22T14:15:00Z,3,1
PD,2024,6,Villarreal,Barcelona,2024-09-22T16:30:00Z,1,5
PD,2024,6,Rayo,Atletico,2024-09-22T19:00:00Z,1,1
PD,2024,6,Real Betis,Mallorca,2024-09-23T19:00:00Z,1,2
PD,2024,7,Sevilla,Valladolid,2024-09-24T17:00:00Z,2,1
PD,2024,7,Valencia,Osasuna,2024-09-24T17:00:00Z,0,0
PD,2024,7,Real Madrid,Alaves,2024-09-24T19:00:00Z,3,2
PD,2024,7,Girona,Rayo,2024-09-25T17:00:00Z,0,0
PD,2024,7,Barcelona,Getafe,2024-09-25T19:00:00Z,1,0
PD,2024,7,Las Palmas,Real Betis,2024-09-26T17:00:00Z,1,1
PD,2024,7,Espanyol,Villarreal,2024-09-26T17:00:00Z,1,2
PD,2024,7,Celta,Atletico,2024-09-26T19:00:00Z,0,1
PD,2024,8,Valladolid,Mallorca,2024-09-27T19:00:00Z,1,2
PD,2024,8,Getafe,Alaves,2024-09-28T12:00:00Z,2,0
PD,2024,8,Rayo,Leganes,2024-09-28T14:15:00Z,1,1
PD,2024,8,Real Sociedad,Valencia,2024-09-28T16:30:00Z,3,0
PD,2024,8,Osasuna,Barcelona,2024-09-28T19:00:00Z,4,2
PD,2024,8,Celta,Girona,2024-09-29T12:00:00Z,1,1
PD,2024,8,Athletic Club,Sevilla,2024-09-29T14:15:00Z,1,1
PD,2024,8,Real Betis,Espanyol,2024-09-29T16:30:00Z,1,0
PD,2024,8,Atletico,Real Madrid,2024-09-29T19:00:00Z,1,1
PD,2024,8,Villarreal,Las Palmas,2024-09-30T19:00:00Z,3,1
PD,2024,9,Leganes,Valencia,2024-10-04T19:00:00Z,0,0
PD,2024,9,Espanyol,Mallorca,2024-10-05T12:00:00Z,2,1
PD,2024,9,Getafe,Osasuna,2024-10-05T14:15:00Z,1,1
PD,2024,9,Valladolid,Rayo,2024-10-05T16:30:00Z,1,2
PD,2024,9,Las Palmas,Celta,2024-10-05T16:30:00Z,0,1
PD,2024,9,Real Madrid,Villarreal,2024-10-05T19:00:00Z,2,0
PD,2024,9,Girona,Athletic Club,2024-10-06T12:00:00Z,2,1
PD,2024,9,Alaves,Barcelona,2024-10-06T14:15:00Z,0,3
PD,2024,9,Sevilla,Real Betis,2024-10-06T16:30:00Z,1,0
PD,2024,9,Real Sociedad,Atletico,2024-10-06T19:00:00Z,1,1
PD,2024,10,Alaves,Valladolid,2024-10-18T19:00:00Z,2,3
PD,2024,10,Athletic Club,Espanyol,2024-10-19T12:00:00Z,4,1
PD,2024,10,Osasuna,Real Betis,2024-10-19T14:15:00Z,1,2
PD,2024,10,Girona,Real Sociedad,2024-10-19T16:30:00Z,0,1
PD,2024,10,Celta,Real Madrid,2024-10-19T19:00:00Z,1,2
PD,2024,10,Mallorca,Rayo,2024-10-20T12:00:00Z,1,0
PD,2024,10,Atletico,Leganes,2024-10-20T14:15:00Z,3,1
PD,2024,10,Villarreal,Getafe,2024-10-20T16:30:00Z,1,1
PD,2024,10,Barcelona,Sevilla,2024-10-20T19:00:00Z,5,1
PD,2024,10,Valencia,Las Palmas,2024-10-21T19:00:00Z,2,3
PD,2024,11,Espanyol,Sevilla,2024-10-25T19:00:00Z,0,2
PD,2024,11,Valladolid,Villarreal,2024-10-26T12:00:00Z,1,2
PD,2024,11,Rayo,Alaves,2024-10-26T14:15:00Z,1,0
PD,2024,11,Las Palmas,Girona,2024-10-26T16:30:00Z,1,0
PD,2024,11,Real Madrid,Barcelona,2024-10-26T19:00:00Z,0,4
PD,2024,11,Leganes,Celta,2024-10-27T13:00:00Z,3,0
PD,2024,11,Getafe,Valencia,2024-10-27T15:15:00Z,1,1
PD,2024,11,Real Betis,Atletico,2024-10-27T17:30:00Z,1,0
PD,2024,11,Real Sociedad,Osasuna,2024-10-27T20:00:00Z,0,2
PD,2024,11,Mallorca,Athletic Club,2024-10-28T20:00:00Z,0,0
PD,2024,12,Alaves,Mallorca,2024-11-01T20:00:00Z,1,0
PD,2024,12,Osasuna,Valladolid,2024-11-02T13:00:00Z,1,0
PD,2024,12,Girona,Leganes,2024-11-02T15:15:00Z,4,3
PD,2024,12,Atletico,Las Palmas,2024-11-03T13:00:00Z,2,0
PD,2024,12,Barcelona,Espanyol,2024-11-03T15:15:00Z,3,1
PD,2024,12,Sevilla,Real Sociedad,2024-11-03T17:30:00Z,0,2
PD,2024,12,Athletic Club,Real Betis,2024-11-03T20:00:00Z,1,1
PD,2024,12,Celta,Getafe,2024-11-04T20:00:00Z,1,0
PD,2024,13,Rayo,Las Palmas,2024-11-08T20:00:00Z,1,3
PD,2024,13,Real Madrid,Osasuna,2024-11-09T13:00:00Z,4,0
PD,2024,13,Villarreal,Alaves,2024-11-09T15:15:00Z,3,0
PD,2024,13,Leganes,Sevilla,2024-11-09T20:00:00Z,1,0
PD,2024,13,Real Betis,Celta,2024-11-10T13:00:00Z,2,2
PD,2024,13,Mallorca,Atletico,2024-11-10T15:15:00Z,0,1
PD,2024,13,Getafe,Girona,2024-11-10T17:30:00Z,0,1
PD,2024,13,Valladolid,Athletic Club,2024-11-10T17:30:00Z,1,1
PD,2024,13,Real Sociedad,Barcelona,2024-11-10T20:00:00Z,1,0
PD,2024,14,Getafe,Valladolid,2024-11-22T20:00:00Z,2,0
PD,2024,14,Valencia,Real Betis,2024-11-23T13:00:00Z,4,2
PD,2024,14,Atletico,Alaves,2024-11-23T15:15:00Z,2,1
PD,2024,14,Las Palmas,Mallorca,2024-11-23T17:30:00Z,2,3
PD,2024,14,Girona,Espanyol,2024-11-23T17:30:00Z,4,1
PD,2024,14,Celta,Barcelona,2024-11-23T20:00:00Z,2,2
PD,2024,14,Osasuna,Villarreal,2024-11-24T13:00:00Z,2,2
PD,2024,14,Sevilla,Rayo,2024-11-24T15:15:00Z,1,0
PD,2024,14,Leganes,Real Madrid,2024-11-24T17:30:00Z,0,3
PD,2024,14,Athletic Club,Real Sociedad,2024-11-24T20:00:00Z,1,0
PD,2024,15,Mallorca,Valencia,2024-11-29T20:00:00Z,2,1
PD,2024,15,Barcelona,Las Palmas,2024-11-30T13:00:00Z,1,2
PD,2024,15,Alaves,Leganes,2024-11-30T15:15:00Z,1,1
PD,2024,15,Espanyol,Celta,2024-11-30T17:30:00Z,3,1
PD,2024,15,Valladolid,Atletico,2024-11-30T20:00:00Z,0,5
PD,2024,15,Villarreal,Girona,2024-12-01T13:00:00Z,2,2
PD,2024,15,Real Madrid,Getafe,2024-12-01T15:15:00Z,2,0
PD,2024,15,Rayo,Athletic Club,2024-12-01T17:30:00Z,1,2
PD,2024,15,Real Sociedad,Real Betis,2024-12-01T20:00:00Z,2,0
PD,2024,15,Sevilla,Osasuna,2024-12-02T20:00:00Z,1,1
PD,2024,19,Mallorca,Barcelona,2024-12-03T18:00:00Z,1,5
PD,2024,19,Athletic Club,Real Madrid,2024-12-04T20:00:00Z,2,1
PD,2024,16,Celta,Mallorca,2024-12-06T20:00:00Z,2,0
PD,2024,16,Las Palmas,Valladolid,2024-12-07T13:00:00Z,2,1
PD,2024,16,Real Betis,Barcelona,2024-12-07T15:15:00Z,2,2
PD,2024,16,Valencia,Rayo,2024-12-07T17:30:00Z,0,1
PD,2024,16,Girona,Real Madrid,2024-12-07T20:00:00Z,0,3
PD,2024,16,Leganes,Real Sociedad,2024-12-08T13:00:00Z,0,3
PD,2024,16,Athletic Club,Villarreal,2024-12-08T15:15:00Z,2,0
PD,2024,16,Osasuna,Alaves,2024-12-08T17:30:00Z,2,2
PD,2024,16,Atletico,Sevilla,2024-12-08T20:00:00Z,4,3
PD,2024,16,Getafe,Espanyol,2024-12-09T20:00:00Z,1,0
PD,2024,17,Valladolid,Valencia,2024-12-13T20:00:00Z,1,0
PD,2024,17,Espanyol,Osasuna,2024-12-14T13:00:00Z,0,0
PD,2024,17,Mallorca,Girona,2024-12-14T15:15:00Z,2,1
PD,2024,17,Sevilla,Celta,2024-12-14T17:30:00Z,1,0
PD,2024,17,Rayo,Real Madrid,2024-12-14T20:00:00Z,3,3
PD,2024,17,Atletico,Getafe,2024-12-15T13:00:00Z,1,0
PD,2024,17,Alaves,Athletic Club,2024-12-15T15:15:00Z,1,1
PD,2024,17,Villarreal,Real Betis,2024-12-15T17:30:00Z,1,2
PD,2024,17,Real Sociedad,Las Palmas,2024-12-15T17:30:00Z,0,0
PD,2024,17,Barcelona,Leganes,2024-12-15T20:00:00Z,0,1
PD,2024,12,Villarreal,Rayo,2024-12-18T20:30:00Z,1,1
PD,2024,13,Espanyol,Valencia,2024-12-18T20:30:00Z,1,1
PD,2024,18,Girona,Valladolid,2024-12-20T20:00:00Z,3,0
PD,2024,18,Getafe,Mallorca,2024-12-21T13:00:00Z,0,1
PD,2024,18,Celta,Real Sociedad,2024-12-21T15:15:00Z,2,0
PD,2024,18,Osasuna,Athletic Club,2024-12-21T17:30:00Z,1,2
PD,2024,18,Barcelona,Atletico,2024-12-21T20:00:00Z,1,2
PD,2024,18,Valencia,Alaves,2024-12-22T13:00:00Z,2,2
PD,2024,18,Real Madrid,Sevilla,2024-12-22T15:15:00Z,4,2
PD,2024,18,Leganes,Villarreal,2024-12-22T17:30:00Z,2,5
PD,2024,18,Las Palmas,Espanyol,2024-12-22T17:30:00Z,1,0
PD,2024,18,Real Betis,Rayo,2024-12-22T20:00:00Z,1,1
PD,2024,12,Valencia,Real Madrid,2025-01-03T20:00:00Z,1,2
PD,2024,19,Rayo,Celta,2025-01-10T20:00:00Z,2,1
PD,2024,19,Alaves,Girona,2025-01-11T13:00:00Z,0,1
PD,2024,19,Valladolid,Real Betis,2025-01-11T15:15:00Z,1,0
PD,2024,19,Espanyol,Leganes,2025-01-11T17:30:00Z,1,1
PD,2024,19,Sevilla,Valencia,2025-01-11T20:00:00Z,1,1
PD,2024,19,Las Palmas,Getafe,2025-01-12T13:00:00Z,1,2
PD,2024,19,Atletico,Osasuna,2025-01-12T15:15:00Z,1,0
PD,2024,19,Real Sociedad,Villarreal,2025-01-13T20:00:00Z,1,0
PD,2024,20,Espanyol,Valladolid,2025-01-17T20:00:00Z,2,1
PD,2024,20,Girona,Sevilla,2025-01-18T13:00:00Z,1,2
PD,2024,20,Leganes,Atletico,2025-01-18T15:15:00Z,1,0
PD,2024,20,Real Betis,Alaves,2025-01-18T17:30:00Z,1,3
PD,2024,20,Getafe,Barcelona,2025-01-18T20:00:00Z,1,1
PD,2024,20,Celta,Athletic Club,2025-01-19T13:00:00Z,1,2
PD,2024,20,Real Madrid,Las Palmas,2025-01-19T15:15:00Z,4,1
PD,2024,20,Osasuna,Rayo,2025-01-19T17:30:00Z,1,1
PD,2024,20,Valencia,Real Sociedad,2025-01-19T20:00:00Z,1,0
PD,2024,20,Villarreal,Mallorca,2025-01-20T20:00:00Z,4,0
PD,2024,21,Las Palmas,Osasuna,2025-01-24T20:00:00Z,1,1
PD,2024,21,Mallorca,Real Betis,2025-01-25T13:00:00Z,0,1
PD,2024,21,Atletico,Villarreal,2025-01-25T15:15:00Z,1,1
PD,2024,21,Sevilla,Espanyol,2025-01-25T17:30:00Z,1,1
PD,2024,21,Valladolid,Real Madrid,2025-01-25T20:00:00Z,0,3
PD,2024,21,Rayo,Girona,2025-01-26T13:00:00Z,2,1
PD,2024,21,Real Sociedad,Getafe,2025-01-26T15:15:00Z,0,3
PD,2024,21,Athletic Club,Leganes,2025-01-26T17:30:00Z,0,0
PD,2024,21,Barcelona,Valencia,2025-01-26T20:00:00Z,7,1
PD,2024,21,Alaves,Celta,2025-01-27T20:00:00Z,1,1
PD,2024,22,Leganes,Rayo,2025-01-31T20:00:00Z,0,1
PD,2024,22,Getafe,Sevilla,2025-02-01T13:00:00Z,0,0
PD,2024,22,Villarreal,Valladolid,2025-02-01T15:15:00Z,5,1
PD,2024,22,Atletico,Mallorca,2025-02-01T17:30:00Z,2,0
PD,2024,22,Espanyol,Real Madrid,2025-02-01T20:00:00Z,1,0
PD,2024,22,Barcelona,Alaves,2025-02-02T13:00:00Z,1,0
PD,2024,22,Valencia,Celta,2025-02-02T15:15:00Z,2,1
PD,2024,22,Osasuna,Real Sociedad,2025-02-02T17:30:00Z,2,1
PD,2024,22,Real Betis,Athletic Club,2025-02-02T20:00:00Z,2,2
PD,2024,22,Girona,Las Palmas,2025-02-03T20:00:00Z,2,1
PD,2024,23,Rayo,Valladolid,2025-02-07T20:00:00Z,1,0
PD,2024,23,Celta,Real Betis,2025-02-08T13:00:00Z,3,2
PD,2024,23,Athletic Club,Girona,2025-02-08T15:15:00Z,3,0
PD,2024,23,Las Palmas,Villarreal,2025-02-08T17:30:00Z,1,2
PD,2024,23,Real Madrid,Atletico,2025-02-08T20:00:00Z,1,1
PD,2024,23,Alaves,Getafe,2025-02-09T13:00:00Z,0,1
PD,2024,23,Valencia,Leganes,2025-02-09T15:15:00Z,2,0
PD,2024,23,Real Sociedad,Espanyol,2025-02-09T17:30:00Z,2,1
PD,2024,23,Sevilla,Barcelona,2025-02-09T20:00:00Z,1,4
PD,2024,23,Mallorca,Osasuna,2025-02-10T20:00:00Z,1,1
PD,2024,24,Girona,Getafe,2025-02-14T20:00:00Z,1,2
PD,2024,24,Leganes,Alaves,2025-02-15T13:00:00Z,3,3
PD,2024,24,Osasuna,Real Madrid,2025-02-15T15:15:00Z,1,1
PD,2024,24,Atletico,Celta,2025-02-15T17:30:00Z,1,1
PD,2024,24,Villarreal,Valencia,2025-02-15T20:00:00Z,1,1
PD,2024,24,Espanyol,Athletic Club,2025-02-16T13:00:00Z,1,1
PD,2024,24,Valladolid,Sevilla,2025-02-16T15:15:00Z,0,4
PD,2024,24,Mallorca,Las Palmas,2025-02-16T17:30:00Z,3,1
PD,2024,24,Real Betis,Real Sociedad,2025-02-16T20:00:00Z,3,0
PD,2024,24,Barcelona,Rayo,2025-02-17T20:00:00Z,1,0
PD,2024,25,Celta,Osasuna,2025-02-21T20:00:00Z,1,0
PD,2024,25,Alaves,Espanyol,2025-02-22T13:00:00Z,0,1
PD,2024,25,Rayo,Villarreal,2025-02-22T15:15:00Z,0,1
PD,2024,25,Valencia,Atletico,2025-02-22T17:30:00Z,0,3
PD,2024,25,Las Palmas,Barcelona,2025-02-22T20:00:00Z,0,2
PD,2024,25,Athletic Club,Valladolid,2025-02-23T13:00:00Z,7,1
PD,2024,25,Real Madrid,Girona,2025-02-23T15:15:00Z,2,0
PD,2024,25,Getafe,Real Betis,2025-02-23T17:30:00Z,1,2
PD,2024,25,Real Sociedad,Leganes,2025-02-23T20:00:00Z,3,0
PD,2024,25,Sevilla,Mallorca,2025-02-24T20:00:00Z,1,1
PD,2024,26,Valladolid,Las Palmas,2025-02-28T20:00:00Z,1,1
PD,2024,26,Girona,Celta,2025-03-01T13:00:00Z,2,2
PD,2024,26,Rayo,Sevilla,2025-03-01T15:15:00Z,1,1
PD,2024,26,Real Betis,Real Madrid,2025-03-01T17:30:00Z,2,1
PD,2024,26,Atletico,Athletic Club,2025-03-01T20:00:00Z,1,0
PD,2024,26,Leganes,Getafe,2025-03-02T13:00:00Z,1,0
PD,2024,26,Barcelona,Real Sociedad,2025-03-02T15:15:00Z,4,0
PD,2024,26,Mallorca,Alaves,2025-03-02T17:30:00Z,1,1
PD,2024,26,Osasuna,Valencia,2025-03-02T20:00:00Z,3,3
PD,2024,27,Celta,Leganes,2025-03-08T13:00:00Z,2,1
PD,2024,27,Alaves,Villarreal,2025-03-08T15:15:00Z,1,0
PD,2024,27,Valencia,Valladolid,2025-03-08T17:30:00Z,2,1
PD,2024,27,Getafe,Atletico,2025-03-09T13:00:00Z,2,1
PD,2024,27,Real Madrid,Rayo,2025-03-09T15:15:00Z,2,1
PD,2024,27,Athletic Club,Mallorca,2025-03-09T17:30:00Z,1,1
PD,2024,27,Real Betis,Las Palmas,2025-03-09T17:30:00Z,1,0
PD,2024,27,Real Sociedad,Sevilla,2025-03-09T20:00:00Z,0,1
PD,2024,27,Espanyol,Girona,2025-03-10T20:00:00Z,1,1
PD,2024,28,Las Palmas,Alaves,2025-03-14T20:00:00Z,2,2
PD,2024,28,Valladolid,Celta,2025-03-15T13:00:00Z,0,1
PD,2024,28,Mallorca,Espanyol,2025-03-15T15:15:00Z,2,1
PD,2024,28,Villarreal,Real Madrid,2025-03-15T17:30:00Z,1,2
PD,2024,28,Girona,Valencia,2025-03-15T20:00:00Z,1,1
PD,2024,28,Leganes,Real Betis,2025-03-16T13:00:00Z,2,3
PD,2024,28,Sevilla,Athletic Club,2025-03-16T15:15:00Z,0,1
PD,2024,28,Osasuna,Getafe,2025-03-16T17:30:00Z,1,2
PD,2024,28,Rayo,Real Sociedad,2025-03-16T17:30:00Z,2,2
PD,2024,28,Atletico,Barcelona,2025-03-16T20:00:00Z,2,4
PD,2024,27,Barcelona,Osasuna,2025-03-27T20:00:00Z,3,0
PD,2024,29,Real Sociedad,Valladolid,2025-03-29T13:00:00Z,2,1
PD,2024,29,Espanyol,Atletico,2025-03-29T15:15:00Z,1,1
PD,2024,29,Alaves,Rayo,2025-03-29T17:30:00Z,0,2
PD,2024,29,Real Madrid,Leganes,2025-03-29T20:00:00Z,3,2
PD,2024,29,Getafe,Villarreal,2025-03-30T12:00:00Z,1,2
PD,2024,29,Barcelona,Girona,2025-03-30T14:15:00Z,4,1
PD,2024,29,Athletic Club,Osasuna,2025-03-30T16:30:00Z,0,0
PD,2024,29,Valencia,Mallorca,2025-03-30T16:30:00Z,1,0
PD,2024,29,Real Betis,Sevilla,2025-03-30T19:00:00Z,2,1
PD,2024,29,Celta,Las Palmas,2025-03-31T19:00:00Z,1,1
PD,2024,30,Rayo,Espanyol,2025-04-04T19:00:00Z,0,4
PD,2024,30,Girona,Alaves,2025-04-05T12:00:00Z,0,1
PD,2024,30,Real Madrid,Valencia,2025-04-05T14:15:00Z,1,2
PD,2024,30,Mallorca,Celta,2025-04-05T16:30:00Z,1,2
PD,2024,30,Barcelona,Real Betis,2025-04-05T19:00:00Z,1,1
PD,2024,30,Las Palmas,Real Sociedad,2025-04-06T12:00:00Z,1,3
PD,2024,30,Sevilla,Atletico,2025-04-06T14:15:00Z,1,2
PD,2024,30,Valladolid,Getafe,2025-04-06T16:30:00Z,0,4
PD,2024,30,Villarreal,Athletic Club,2025-04-06T19:00:00Z,0,0
PD,2024,30,Leganes,Osasuna,2025-04-07T19:00:00Z,1,1
PD,2024,31,Valencia,Sevilla,2025-04-11T19:00:00Z,1,0
PD,2024,31,Real Sociedad,Mallorca,2025-04-12T12:00:00Z,0,2
PD,2024,31,Getafe,Las Palmas,2025-04-12T14:15:00Z,1,3
PD,2024,31,Celta,Espanyol,2025-04-12T16:30:00Z,0,2
PD,2024,31,Leganes,Barcelona,2025-04-12T19:00:00Z,0,1
PD,2024,31,Osasuna,Girona,2025-04-13T12:00:00Z,2,1
PD,2024,31,Alaves,Real Madrid,2025-04-13T14:15:00Z,0,1
PD,2024,31,Real Betis,Villarreal,2025-04-13T16:30:00Z,1,2
PD,2024,31,Athletic Club,Rayo,2025-04-13T19:00:00Z,3,1
PD,2024,31,Atletico,Valladolid,2025-04-14T19:00:00Z,4,2
PD,2024,32,Espanyol,Getafe,2025-04-18T19:00:00Z,1,0
PD,2024,32,Rayo,Valencia,2025-04-19T12:00:00Z,1,1
PD,2024,32,Barcelona,Celta,2025-04-19T14:15:00Z,4,3
PD,2024,32,Mallorca,Leganes,2025-04-19T16:30:00Z,0,0
PD,2024,32,Las Palmas,Atletico,2025-04-19T19:00:00Z,1,0
PD,2024,32,Valladolid,Osasuna,2025-04-20T12:00:00Z,2,3
PD,2024,32,Villarreal,Real Sociedad,2025-04-20T14:15:00Z,2,2
PD,2024,32,Sevilla,Alaves,2025-04-20T16:30:00Z,1,1
PD,2024,32,Real Madrid,Athletic Club,2025-04-20T19:00:00Z,1,0
PD,2024,32,Girona,Real Betis,2025-04-21T19:00:00Z,1,3
PD,2024,33,Valencia,Espanyol,2025-04-22T17:00:00Z,1,1
PD,2024,33,Barcelona,Mallorca,2025-04-22T19:30:00Z,1,0
PD,2024,33,Athletic Club,Las Palmas,2025-04-23T17:00:00Z,1,0
PD,2024,33,Celta,Villarreal,2025-04-23T17:00:00Z,3,0
PD,2024,33,Alaves,Real Sociedad,2025-04-23T19:30:00Z,1,0
PD,2024,33,Getafe,Real Madrid,2025-04-23T19:30:00Z,0,1
PD,2024,33,Osasuna,Sevilla,2025-04-24T17:00:00Z,1,0
PD,2024,33,Leganes,Girona,2025-04-24T17:00:00Z,1,1
PD,2024,33,Atletico,Rayo,2025-04-24T19:30:00Z,3,0
PD,2024,33,Real Betis,Valladolid,2025-04-24T19:30:00Z,5,1
PD,2024,26,Villarreal,Espanyol,2025-04-27T14:15:00Z,1,0
PD,2024,34,Rayo,Getafe,2025-05-02T19:00:00Z,1,0
PD,2024,34,Alaves,Atletico,2025-05-03T12:00:00Z,0,0
PD,2024,34,Villarreal,Osasuna,2025-05-03T14:15:00Z,4,2
PD,2024,34,Las Palmas,Valencia,2025-05-03T16:30:00Z,2,3
PD,2024,34,Valladolid,Barcelona,2025-05-03T19:00:00Z,1,2
PD,2024,34,Real Madrid,Celta,2025-05-04T12:00:00Z,3,2
PD,2024,34,Sevilla,Leganes,2025-05-04T14:15:00Z,2,2
PD,2024,34,Espanyol,Real Betis,2025-05-04T16:30:00Z,1,2
PD,2024,34,Real Sociedad,Athletic Club,2025-05-04T19:00:00Z,0,0
PD,2024,34,Girona,Mallorca,2025-05-05T19:00:00Z,1,0
PD,2024,35,Las Palmas,Rayo,2025-05-09T19:00:00Z,0,1
PD,2024,35,Valencia,Getafe,2025-05-10T12:00:00Z,3,0
PD,2024,35,Celta,Sevilla,2025-05-10T14:15:00Z,3,2
PD,2024,35,Girona,Villarreal,2025-05-10T16:30:00Z,0,1
PD,2024,35,Mallorca,Valladolid,2025-05-10T16:30:00Z,2,1
PD,2024,35,Atletico,Real Sociedad,2025-05-10T19:00:00Z,4,0
PD,2024,35,Leganes,Espanyol,2025-05-11T12:00:00Z,3,2
PD,2024,35,Barcelona,Real Madrid,2025-05-11T14:15:00Z,4,3
PD,2024,35,Athletic Club,Alaves,2025-05-11T16:30:00Z,1,0
PD,2024,35,Real Betis,Osasuna,2025-05-11T19:00:00Z,1,1
PD,2024,36,Valladolid,Girona,2025-05-13T17:00:00Z,0,1
PD,2024,36,Real Sociedad,Celta,2025-05-13T18:00:00Z,0,1
PD,2024,36,Sevilla,Las Palmas,2025-05-13T19:30:00Z,1,0
PD,2024,36,Alaves,Valencia,2025-05-14T17:00:00Z,1,0
PD,2024,36,Villarreal,Leganes,2025-05-14T17:00:00Z,3,0
PD,2024,36,Real Madrid,Mallorca,2025-05-14T19:30:00Z,2,1
PD,2024,36,Osasuna,Atletico,2025-05-15T17:00:00Z,2,0
PD,2024,36,Rayo,Real Betis,2025-05-15T17:00:00Z,2,2
PD,2024,36,Getafe,Athletic Club,2025-05-15T19:30:00Z,0,2
PD,2024,36,Espanyol,Barcelona,2025-05-15T19:30:00Z,0,2
PD,2024,37,Atletico,Real Betis,2025-05-18T17:00:00Z,4,1
PD,2024,37,Celta,Rayo,2025-05-18T17:00:00Z,1,2
PD,2024,37,Barcelona,Villarreal,2025-05-18T17:00:00Z,2,3
PD,2024,37,Sevilla,Real Madrid,2025-05-18T17:00:00Z,0,2
PD,2024,37,Valencia,Athletic Club,2025-05-18T17:00:00Z,0,1
PD,2024,37,Mallorca,Getafe,2025-05-18T17:00:00Z,1,2
PD,2024,37,Real Sociedad,Girona,2025-05-18T17:00:00Z,3,2
PD,2024,37,Valladolid,Alaves,2025-05-18T17:00:00Z,0,1
PD,2024,37,Las Palmas,Leganes,2025-05-18T17:00:00Z,0,1
PD,2024,37,Osasuna,Espanyol,2025-05-18T17:00:00Z,2,0
PD,2024,38,Real Betis,Valencia,2025-05-23T19:00:00Z,1,1
PD,2024,38,Real Madrid,Real Sociedad,2025-05-24T14:15:00Z,2,0
PD,2024,38,Leganes,Valladolid,2025-05-24T16:30:00Z,3,0
PD,2024,38,Espanyol,Las Palmas,2025-05-24T16:30:00Z,2,0
PD,2024,38,Alaves,Osasuna,2025-05-24T19:00:00Z,1,1
PD,2024,38,Getafe,Celta,2025-05-24T19:00:00Z,1,2
PD,2024,38,Rayo,Mallorca,2025-05-24T19:00:00Z,0,0
PD,2024,38,Girona,Atletico,2025-05-25T12:00:00Z,0,4
PD,2024,38,Villarreal,Sevilla,2025-05-25T14:15:00Z,4,2
PD,2024,38,Athletic Club,Barcelona,2025-05-25T19:00:00Z,0,3
PD,2023,1,UD Almería,Rayo,2023-08-11T17:30:00Z,0,2
PD,2023,1,Sevilla,Valencia,2023-08-11T20:00:00Z,1,2
PD,2023,1,Real Sociedad,Girona,2023-08-12T15:00:00Z,1,1
PD,2023,1,Las Palmas,Mallorca,2023-08-12T17:30:00Z,1,1
PD,2023,1,Athletic Club,Real Madrid,2023-08-12T19:30:00Z,0,2
PD,2023,1,Celta,Osasuna,2023-08-13T15:00:00Z,0,2
PD,2023,1,Villarreal,Real Betis,2023-08-13T17:30:00Z,1,2
PD,2023,1,Getafe,Barcelona,2023-08-13T19:30:00Z,0,0
PD,2023,1,Cádiz CF,Alaves,2023-08-14T17:30:00Z,1,0
PD,2023,1,Atletico,Granada CF,2023-08-14T19:30:00Z,3,1
PD,2023,2,Mallorca,Villarreal,2023-08-18T17:30:00Z,0,1
PD,2023,2,Valencia,Las Palmas,2023-08-18T19:30:00Z,1,0
PD,2023,2,Real Sociedad,Celta,2023-08-19T15:00:00Z,1,1
PD,2023,2,UD Almería,Real Madrid,2023-08-19T17:30:00Z,1,3
PD,2023,2,Osasuna,Athletic Club,2023-08-19T19:30:00Z,0,2
PD,2023,2,Girona,Getafe,2023-08-20T17:00:00Z,3,0
PD,2023,2,Barcelona,Cádiz CF,2023-08-20T17:30:00Z,2,0
PD,2023,2,Real Betis,Atletico,2023-08-20T19:30:00Z,0,0
PD,2023,2,Alaves,Sevilla,2023-08-21T17:00:00Z,4,3
PD,2023,2,Granada CF,Rayo,2023-08-21T19:30:00Z,0,2
PD,2023,3,Las Palmas,Real Sociedad,2023-08-25T17:30:00Z,0,0
PD,2023,3,Celta,Real Madrid,2023-08-25T19:30:00Z,0,1
PD,2023,3,Cádiz CF,UD Almería,2023-08-26T17:00:00Z,1,1
PD,2023,3,Granada CF,Mallorca,2023-08-26T17:30:00Z,3,2
PD,2023,3,Sevilla,Girona,2023-08-26T19:30:00Z,1,2
PD,2023,3,Villarreal,Barcelona,2023-08-27T15:30:00Z,3,4
PD,2023,3,Valencia,Osasuna,2023-08-27T17:30:00Z,1,2
PD,2023,3,Athletic Club,Real Betis,2023-08-27T19:30:00Z,4,2
PD,2023,3,Getafe,Alaves,2023-08-28T17:30:00Z,1,0
PD,2023,3,Rayo,Atletico,2023-08-28T19:30:00Z,0,7
PD,2023,4,Cádiz CF,Villarreal,2023-09-01T17:30:00Z,3,1
PD,2023,4,UD Almería,Celta,2023-09-01T20:00:00Z,2,3
PD,2023,4,Real Sociedad,Granada CF,2023-09-02T12:00:00Z,5,3
PD,2023,4,Real Madrid,Getafe,2023-09-02T14:15:00Z,2,1
PD,2023,4,Alaves,Valencia,2023-09-02T16:30:00Z,1,0
PD,2023,4,Real Betis,Rayo,2023-09-02T19:00:00Z,1,0
PD,2023,4,Girona,Las Palmas,2023-09-03T12:00:00Z,1,0
PD,2023,4,Mallorca,Athletic Club,2023-09-03T14:15:00Z,0,0
PD,2023,4,Osasuna,Barcelona,2023-09-03T19:00:00Z,1,2
PD,2023,5,Rayo,Alaves,2023-09-15T19:00:00Z,2,0
PD,2023,5,Athletic Club,Cádiz CF,2023-09-16T12:00:00Z,3,0
PD,2023,5,Valencia,Atletico,2023-09-16T14:15:00Z,3,0
PD,2023,5,Celta,Mallorca,2023-09-16T16:30:00Z,0,1
PD,2023,5,Barcelona,Real Betis,2023-09-16T19:00:00Z,5,0
PD,2023,5,Getafe,Osasuna,2023-09-17T12:00:00Z,3,2
PD,2023,5,Villarreal,UD Almería,2023-09-17T14:15:00Z,2,1
PD,2023,5,Sevilla,Las Palmas,2023-09-17T16:30:00Z,1,0
PD,2023,5,Real Madrid,Real Sociedad,2023-09-17T19:00:00Z,2,1
PD,2023,5,Granada CF,Girona,2023-09-18T19:00:00Z,2,4
PD,2023,6,Alaves,Athletic Club,2023-09-22T19:00:00Z,0,2
PD,2023,6,Girona,Mallorca,2023-09-23T12:00:00Z,5,3
PD,2023,6,Osasuna,Sevilla,2023-09-23T14:15:00Z,0,0
PD,2023,6,Barcelona,Celta,2023-09-23T16:30:00Z,3,2
PD,2023,6,UD Almería,Valencia,2023-09-23T19:00:00Z,2,2
PD,2023,6,Real Sociedad,Getafe,2023-09-24T12:00:00Z,4,3
PD,2023,6,Rayo,Villarreal,2023-09-24T14:15:00Z,1,1
PD,2023,6,Las Palmas,Granada CF,2023-09-24T16:30:00Z,1,0
PD,2023,6,Real Betis,Cádiz CF,2023-09-24T16:30:00Z,1,1
PD,2023,6,Atletico,Real Madrid,2023-09-24T19:00:00Z,3,1
PD,2023,7,Sevilla,UD Almería,2023-09-26T17:00:00Z,5,1
PD,2023,7,Mallorca,Barcelona,2023-09-26T19:30:00Z,2,2
PD,2023,7,Athletic Club,Getafe,2023-09-27T17:00:00Z,2,2
PD,2023,7,Villarreal,Girona,2023-09-27T17:00:00Z,1,2
PD,2023,7,Real Madrid,Las Palmas,2023-09-27T17:00:00Z,2,0
PD,2023,7,Cádiz CF,Rayo,2023-09-27T19:30:00Z,0,0
PD,2023,7,Valencia,Real Sociedad,2023-09-27T19:30:00Z,0,1
PD,2023,7,Celta,Alaves,2023-09-28T17:00:00Z,1,1
PD,2023,7,Granada CF,Real Betis,2023-09-28T17:00:00Z,1,1
PD,2023,7,Osasuna,Atletico,2023-09-28T19:30:00Z,0,2
PD,2023,8,Barcelona,Sevilla,2023-09-29T19:00:00Z,1,0
PD,2023,8,Getafe,Villarreal,2023-09-30T12:00:00Z,0,0
PD,2023,8,Rayo,Mallorca,2023-09-30T14:15:00Z,2,2
PD,2023,8,Girona,Real Madrid,2023-09-30T16:30:00Z,0,3
PD,2023,8,Real Sociedad,Athletic Club,2023-09-30T19:00:00Z,3,0
PD,2023,8,UD Almería,Granada CF,2023-10-01T12:00:00Z,3,3
PD,2023,8,Alaves,Osasuna,2023-10-01T14:15:00Z,0,2
PD,2023,8,Atletico,Cádiz CF,2023-10-01T19:00:00Z,3,2
PD,2023,8,Real Betis,Valencia,2023-10-01T19:00:00Z,3,0
PD,2023,8,Las Palmas,Celta,2023-10-02T19:00:00Z,2,1
PD,2023,9,Athletic Club,UD Almería,2023-10-06T19:00:00Z,3,0
PD,2023,9,Cádiz CF,Girona,2023-10-07T12:00:00Z,0,1
PD,2023,9,Real Madrid,Osasuna,2023-10-07T14:15:00Z,4,0
PD,2023,9,Mallorca,Valencia,2023-10-07T16:30:00Z,1,1
PD,2023,9,Sevilla,Rayo,2023-10-07T19:00:00Z,2,2
PD,2023,9,Villarreal,Las Palmas,2023-10-08T12:00:00Z,1,2
PD,2023,9,Atletico,Real Sociedad,2023-10-08T14:15:00Z,2,1
PD,2023,9,Celta,Getafe,2023-10-08T16:30:00Z,2,2
PD,2023,9,Alaves,Real Betis,2023-10-08T16:30:00Z,1,1
PD,2023,9,Granada CF,Barcelona,2023-10-08T19:00:00Z,2,2
PD,2023,10,Osasuna,Granada CF,2023-10-20T19:00:00Z,2,0
PD,2023,10,Real Sociedad,Mallorca,2023-10-21T12:00:00Z,1,0
PD,2023,10,Getafe,Real Betis,2023-10-21T14:15:00Z,1,1
PD,2023,10,Sevilla,Real Madrid,2023-10-21T16:30:00Z,1,1
PD,2023,10,Celta,Atletico,2023-10-21T19:00:00Z,0,3
PD,2023,10,Las Palmas,Rayo,2023-10-22T12:00:00Z,0,1
PD,2023,10,Girona,UD Almería,2023-10-22T14:15:00Z,5,2
PD,2023,10,Villarreal,Alaves,2023-10-22T16:30:00Z,1,1
PD,2023,10,Barcelona,Athletic Club,2023-10-22T19:00:00Z,1,0
PD,2023,10,Valencia,Cádiz CF,2023-10-23T19:00:00Z,2,0
PD,2023,11,Girona,Celta,2023-10-27T19:00:00Z,1,0
PD,2023,11,UD Almería,Las Palmas,2023-10-28T12:00:00Z,1,2
PD,2023,11,Barcelona,Real Madrid,2023-10-28T14:15:00Z,1,2
PD,2023,11,Mallorca,Getafe,2023-10-28T16:30:00Z,0,0
PD,2023,11,Cádiz CF,Sevilla,2023-10-28T19:00:00Z,2,2
PD,2023,11,Real Betis,Osasuna,2023-10-29T13:00:00Z,2,1
PD,2023,11,Rayo,Real Sociedad,2023-10-29T15:15:00Z,2,2
PD,2023,11,Athletic Club,Valencia,2023-10-29T17:30:00Z,2,2
PD,2023,11,Atletico,Alaves,2023-10-29T20:00:00Z,2,1
PD,2023,11,Granada CF,Villarreal,2023-10-30T20:00:00Z,2,3
PD,2023,12,Las Palmas,Atletico,2023-11-03T20:00:00Z,2,1
PD,2023,12,Osasuna,Girona,2023-11-04T13:00:00Z,2,4
PD,2023,12,Real Betis,Mallorca,2023-11-04T15:15:00Z,2,0
PD,2023,12,Celta,Sevilla,2023-11-04T17:30:00Z,1,1
PD,2023,12,Real Sociedad,Barcelona,2023-11-04T20:00:00Z,0,1
PD,2023,12,Alaves,UD Almería,2023-11-05T13:00:00Z,1,0
PD,2023,12,Valencia,Granada CF,2023-11-05T15:15:00Z,1,0
PD,2023,12,Villarreal,Athletic Club,2023-11-05T17:30:00Z,2,3
PD,2023,12,Real Madrid,Rayo,2023-11-05T20:00:00Z,0,0
PD,2023,12,Getafe,Cádiz CF,2023-11-06T20:00:00Z,1,0
PD,2023,13,Athletic Club,Celta,2023-11-10T20:00:00Z,4,3
PD,2023,13,Rayo,Girona,2023-11-11T13:00:00Z,1,2
PD,2023,13,UD Almería,Real Sociedad,2023-11-11T15:15:00Z,1,3
PD,2023,13,Osasuna,Las Palmas,2023-11-11T17:30:00Z,1,1
PD,2023,13,Granada CF,Getafe,2023-11-11T17:30:00Z,1,1
PD,2023,13,Real Madrid,Valencia,2023-11-11T20:00:00Z,5,1
PD,2023,13,Barcelona,Alaves,2023-11-12T15:15:00Z,2,1
PD,2023,13,Sevilla,Real Betis,2023-11-12T17:30:00Z,1,1
PD,2023,13,Atletico,Villarreal,2023-11-12T20:00:00Z,3,1
PD,2023,14,Alaves,Granada CF,2023-11-24T20:00:00Z,3,1
PD,2023,14,Rayo,Barcelona,2023-11-25T13:00:00Z,1,1
PD,2023,14,Valencia,Celta,2023-11-25T15:15:00Z,0,0
PD,2023,14,Getafe,UD Almería,2023-11-25T17:30:00Z,2,1
PD,2023,14,Atletico,Mallorca,2023-11-25T20:00:00Z,1,0
PD,2023,14,Villarreal,Osasuna,2023-11-26T13:00:00Z,3,1
PD,2023,14,Real Sociedad,Sevilla,2023-11-26T15:15:00Z,2,1
PD,2023,14,Cádiz CF,Real Madrid,2023-11-26T17:30:00Z,0,3
PD,2023,14,Real Betis,Las Palmas,2023-11-26T20:00:00Z,1,0
PD,2023,14,Girona,Athletic Club,2023-11-27T20:00:00Z,1,1
PD,2023,13,Mallorca,Cádiz CF,2023-11-29T20:00:00Z,1,1
PD,2023,15,Las Palmas,Getafe,2023-12-01T20:00:00Z,2,0
PD,2023,15,Girona,Valencia,2023-12-02T13:00:00Z,2,1
PD,2023,15,Athletic Club,Rayo,2023-12-02T15:15:00Z,4,0
PD,2023,15,Real Madrid,Granada CF,2023-12-02T17:30:00Z,2,0
PD,2023,15,Osasuna,Real Sociedad,2023-12-02T20:00:00Z,1,1
PD,2023,15,Mallorca,Alaves,2023-12-03T13:00:00Z,0,0
PD,2023,15,UD Almería,Real Betis,2023-12-03T15:15:00Z,0,0
PD,2023,15,Sevilla,Villarreal,2023-12-03T17:30:00Z,1,1
PD,2023,15,Barcelona,Atletico,2023-12-03T20:00:00Z,1,0
PD,2023,15,Celta,Cádiz CF,2023-12-04T20:00:00Z,1,1
PD,2023,16,Getafe,Valencia,2023-12-08T20:00:00Z,1,0
PD,2023,16,Alaves,Las Palmas,2023-12-09T13:00:00Z,0,1
PD,2023,16,Real Betis,Real Madrid,2023-12-09T15:15:00Z,1,1
PD,2023,16,Villarreal,Real Sociedad,2023-12-09T17:30:00Z,0,3
PD,2023,16,Mallorca,Sevilla,2023-12-09T20:00:00Z,1,0
PD,2023,16,Atletico,UD Almería,2023-12-10T13:00:00Z,2,1
PD,2023,16,Cádiz CF,Osasuna,2023-12-10T17:30:00Z,1,1
PD,2023,16,Barcelona,Girona,2023-12-10T20:00:00Z,2,4
PD,2023,16,Granada CF,Athletic Club,2023-12-11T20:00:00Z,1,1
PD,2023,16,Rayo,Celta,2023-12-11T20:00:00Z,0,0
PD,2023,17,Osasuna,Rayo,2023-12-15T20:00:00Z,1,0
PD,2023,17,Celta,Granada CF,2023-12-16T13:00:00Z,1,0
PD,2023,17,Athletic Club,Atletico,2023-12-16T15:15:00Z,2,0
PD,2023,17,Sevilla,Getafe,2023-12-16T17:30:00Z,0,3
PD,2023,17,Valencia,Barcelona,2023-12-16T20:00:00Z,1,1
PD,2023,17,UD Almería,Mallorca,2023-12-17T13:00:00Z,0,0
PD,2023,17,Real Sociedad,Real Betis,2023-12-17T15:15:00Z,0,0
PD,2023,17,Las Palmas,Cádiz CF,2023-12-17T17:30:00Z,1,1
PD,2023,17,Real Madrid,Villarreal,2023-12-17T20:00:00Z,4,1
PD,2023,17,Girona,Alaves,2023-12-18T20:00:00Z,3,0
PD,2023,18,Rayo,Valencia,2023-12-19T18:00:00Z,0,1
PD,2023,18,Atletico,Getafe,2023-12-19T20:30:00Z,3,3
PD,2023,18,Granada CF,Sevilla,2023-12-19T20:30:00Z,0,3
PD,2023,18,Barcelona,UD Almería,2023-12-20T18:00:00Z,3,2
PD,2023,18,Athletic Club,Las Palmas,2023-12-20T20:30:00Z,1,0
PD,2023,18,Villarreal,Celta,2023-12-20T20:30:00Z,3,2
PD,2023,18,Real Betis,Girona,2023-12-21T18:00:00Z,1,1
PD,2023,18,Cádiz CF,Real Sociedad,2023-12-21T18:00:00Z,0,0
PD,2023,18,Alaves,Real Madrid,2023-12-21T20:30:00Z,0,1
PD,2023,18,Mallorca,Osasuna,2023-12-21T20:30:00Z,3,2
PD,2023,4,Atletico,Sevilla,2023-12-23T15:15:00Z,1,0
PD,2023,19,Getafe,Rayo,2024-01-02T16:00:00Z,0,2
PD,2023,19,Real Sociedad,Alaves,2024-01-02T18:15:00Z,1,1
PD,2023,19,Valencia,Villarreal,2024-01-02T20:30:00Z,3,1
PD,2023,19,Granada CF,Cádiz CF,2024-01-03T16:00:00Z,2,0
PD,2023,19,Celta,Real Betis,2024-01-03T18:15:00Z,2,1
PD,2023,19,Real Madrid,Mallorca,2024-01-03T18:15:00Z,1,0
PD,2023,19,Girona,Atletico,2024-01-03T20:30:00Z,4,3
PD,2023,19,Osasuna,UD Almería,2024-01-04T16:00:00Z,1,0
PD,2023,19,Sevilla,Athletic Club,2024-01-04T18:15:00Z,0,2
PD,2023,19,Las Palmas,Barcelona,2024-01-04T20:30:00Z,1,2
PD,2023,20,Sevilla,Alaves,2024-01-12T20:00:00Z,2,3
PD,2023,20,Las Palmas,Villarreal,2024-01-13T13:00:00Z,3,0
PD,2023,20,Mallorca,Celta,2024-01-13T15:15:00Z,1,1
PD,2023,20,Athletic Club,Real Sociedad,2024-01-13T17:30:00Z,2,1
PD,2023,20,Real Betis,Granada CF,2024-01-13T20:00:00Z,1,0
PD,2023,20,UD Almería,Girona,2024-01-14T13:00:00Z,0,0
PD,2023,20,Cádiz CF,Valencia,2024-01-14T15:15:00Z,1,4
PD,2023,21,Alaves,Cádiz CF,2024-01-19T20:00:00Z,1,0
PD,2023,21,Rayo,Las Palmas,2024-01-20T13:00:00Z,0,2
PD,2023,21,Villarreal,Mallorca,2024-01-20T15:15:00Z,1,1
PD,2023,21,Valencia,Athletic Club,2024-01-20T17:30:00Z,1,0
PD,2023,21,Celta,Real Sociedad,2024-01-20T20:00:00Z,0,1
PD,2023,21,Osasuna,Getafe,2024-01-21T13:00:00Z,3,2
PD,2023,21,Real Madrid,UD Almería,2024-01-21T15:15:00Z,3,2
PD,2023,21,Real Betis,Barcelona,2024-01-21T17:30:00Z,2,4
PD,2023,21,Girona,Sevilla,2024-01-21T20:00:00Z,5,1
PD,2023,21,Granada CF,Atletico,2024-01-22T20:00:00Z,0,1
PD,2023,22,UD Almería,Alaves,2024-01-26T20:00:00Z,0,3
PD,2023,22,Real Sociedad,Rayo,2024-01-27T13:00:00Z,0,0
PD,2023,22,Las Palmas,Real Madrid,2024-01-27T15:15:00Z,1,2
PD,2023,22,Barcelona,Villarreal,2024-01-27T17:30:00Z,3,5
PD,2023,22,Mallorca,Real Betis,2024-01-27T20:00:00Z,0,1
PD,2023,22,Celta,Girona,2024-01-28T13:00:00Z,0,1
PD,2023,22,Cádiz CF,Athletic Club,2024-01-28T15:15:00Z,0,0
PD,2023,22,Sevilla,Osasuna,2024-01-28T17:30:00Z,1,1
PD,2023,22,Atletico,Valencia,2024-01-28T20:00:00Z,2,0
PD,2023,22,Getafe,Granada CF,2024-01-29T20:00:00Z,2,0
PD,2023,20,Barcelona,Osasuna,2024-01-31T18:00:00Z,1,0
PD,2023,20,Atletico,Rayo,2024-01-31T20:00:00Z,2,1
PD,2023,20,Getafe,Real Madrid,2024-02-01T20:00:00Z,0,2
PD,2023,23,Athletic Club,Mallorca,2024-02-02T20:00:00Z,4,0
PD,2023,23,Valencia,UD Almería,2024-02-03T13:00:00Z,2,1
PD,2023,23,Granada CF,Las Palmas,2024-02-03T15:15:00Z,1,1
PD,2023,23,Alaves,Barcelona,2024-02-03T17:30:00Z,1,3
PD,2023,23,Girona,Real Sociedad,2024-02-03T20:00:00Z,0,0
PD,2023,23,Villarreal,Cádiz CF,2024-02-04T13:00:00Z,0,0
PD,2023,23,Osasuna,Celta,2024-02-04T15:15:00Z,0,3
PD,2023,23,Real Betis,Getafe,2024-02-04T17:30:00Z,1,1
PD,2023,23,Real Madrid,Atletico,2024-02-04T20:00:00Z,1,1
PD,2023,23,Rayo,Sevilla,2024-02-05T20:00:00Z,1,2
PD,2023,24,Cádiz CF,Real Betis,2024-02-09T20:00:00Z,0,2
PD,2023,24,Alaves,Villarreal,2024-02-10T13:00:00Z,1,1
PD,2023,24,Real Sociedad,Osasuna,2024-02-10T15:15:00Z,0,1
PD,2023,24,Real Madrid,Girona,2024-02-10T17:30:00Z,4,0
PD,2023,24,Las Palmas,Valencia,2024-02-10T20:00:00Z,2,0
PD,2023,24,Getafe,Celta,2024-02-11T13:00:00Z,3,2
PD,2023,24,Mallorca,Rayo,2024-02-11T15:15:00Z,2,1
PD,2023,24,Sevilla,Atletico,2024-02-11T17:30:00Z,1,0
PD,2023,24,Barcelona,Granada CF,2024-02-11T20:00:00Z,3,3
PD,2023,24,UD Almería,Athletic Club,2024-02-12T20:00:00Z,0,0
PD,2023,25,Villarreal,Getafe,2024-02-16T20:00:00Z,1,1
PD,2023,25,Atletico,Las Palmas,2024-02-17T13:00:00Z,5,0
PD,2023,25,Osasuna,Cádiz CF,2024-02-17T15:15:00Z,2,0
PD,2023,25,Celta,Barcelona,2024-02-17T17:30:00Z,1,2
PD,2023,25,Valencia,Sevilla,2024-02-17T20:00:00Z,0,0
PD,2023,25,Rayo,Real Madrid,2024-02-18T13:00:00Z,1,1
PD,2023,25,Granada CF,UD Almería,2024-02-18T15:15:00Z,1,1
PD,2023,25,Mallorca,Real Sociedad,2024-02-18T17:30:00Z,1,2
PD,2023,25,Real Betis,Alaves,2024-02-18T20:00:00Z,0,0
PD,2023,25,Athletic Club,Girona,2024-02-19T20:00:00Z,3,2
PD,2023,26,Real Sociedad,Villarreal,2024-02-23T20:00:00Z,1,3
PD,2023,26,Barcelona,Getafe,2024-02-24T15:15:00Z,4,0
PD,2023,26,Alaves,Mallorca,2024-02-24T17:30:00Z,1,1
PD,2023,26,UD Almería,Atletico,2024-02-24T20:00:00Z,2,2
PD,2023,26,Cádiz CF,Celta,2024-02-25T13:00:00Z,2,2
PD,2023,26,Real Betis,Athletic Club,2024-02-25T15:15:00Z,3,1
PD,2023,26,Las Palmas,Osasuna,2024-02-25T17:30:00Z,1,1
PD,2023,26,Real Madrid,Sevilla,2024-02-25T20:00:00Z,1,0
PD,2023,26,Girona,Rayo,2024-02-26T20:00:00Z,3,0
PD,2023,27,Celta,UD Almería,2024-03-01T20:00:00Z,1,0
PD,2023,27,Sevilla,Real Sociedad,2024-03-02T13:00:00Z,3,2
PD,2023,27,Rayo,Cádiz CF,2024-03-02T15:15:00Z,1,1
PD,2023,27,Getafe,Las Palmas,2024-03-02T17:30:00Z,3,3
PD,2023,27,Valencia,Real Madrid,2024-03-02T20:00:00Z,2,2
PD,2023,27,Villarreal,Granada CF,2024-03-03T13:00:00Z,5,1
PD,2023,27,Atletico,Real Betis,2024-03-03T15:15:00Z,2,1
PD,2023,27,Mallorca,Girona,2024-03-03T17:30:00Z,1,0
PD,2023,27,Athletic Club,Barcelona,2024-03-03T20:00:00Z,0,0
PD,2023,27,Osasuna,Alaves,2024-03-04T20:00:00Z,1,0
PD,2023,28,Barcelona,Mallorca,2024-03-08T20:00:00Z,1,0
PD,2023,28,Valencia,Getafe,2024-03-09T13:00:00Z,1,0
PD,2023,28,Cádiz CF,Atletico,2024-03-09T15:15:00Z,2,0
PD,2023,28,Granada CF,Real Sociedad,2024-03-09T17:30:00Z,2,3
PD,2023,28,Girona,Osasuna,2024-03-09T20:00:00Z,2,0
PD,2023,28,Alaves,Rayo,2024-03-10T13:00:00Z,1,0
PD,2023,28,Las Palmas,Athletic Club,2024-03-10T15:15:00Z,0,2
PD,2023,28,Real Madrid,Celta,2024-03-10T17:30:00Z,4,0
PD,2023,28,Real Betis,Villarreal,2024-03-10T20:00:00Z,2,3
PD,2023,28,UD Almería,Sevilla,2024-03-11T20:00:00Z,2,2
PD,2023,29,Real Sociedad,Cádiz CF,2024-03-15T20:00:00Z,2,0
PD,2023,29,Mallorca,Granada CF,2024-03-16T13:00:00Z,1,0
PD,2023,29,Osasuna,Real Madrid,2024-03-16T15:15:00Z,2,4
PD,2023,29,Getafe,Girona,2024-03-16T17:30:00Z,1,0
PD,2023,29,Athletic Club,Alaves,2024-03-16T20:00:00Z,2,0
PD,2023,29,Sevilla,Celta,2024-03-17T13:00:00Z,1,2
PD,2023,29,Villarreal,Valencia,2024-03-17T15:15:00Z,1,0
PD,2023,29,Las Palmas,UD Almería,2024-03-17T15:15:00Z,0,1
PD,2023,29,Rayo,Real Betis,2024-03-17T17:30:00Z,2,0
PD,2023,29,Atletico,Barcelona,2024-03-17T20:00:00Z,0,3
PD,2023,30,Cádiz CF,Granada CF,2024-03-29T20:00:00Z,1,0
PD,2023,30,Getafe,Sevilla,2024-03-30T13:00:00Z,0,1
PD,2023,30,UD Almería,Osasuna,2024-03-30T15:15:00Z,0,3
PD,2023,30,Valencia,Mallorca,2024-03-30T17:30:00Z,0,0
PD,2023,30,Barcelona,Las Palmas,2024-03-30T20:00:00Z,1,0
PD,2023,30,Celta,Rayo,2024-03-31T12:00:00Z,0,0
PD,2023,30,Girona,Real Betis,2024-03-31T14:15:00Z,3,2
PD,2023,30,Alaves,Real Sociedad,2024-03-31T16:30:00Z,0,1
PD,2023,30,Real Madrid,Athletic Club,2024-03-31T19:00:00Z,2,0
PD,2023,30,Villarreal,Atletico,2024-04-01T19:00:00Z,1,2
PD,2023,26,Granada CF,Valencia,2024-04-04T18:00:00Z,0,1
PD,2023,31,Real Betis,Celta,2024-04-12T19:00:00Z,2,1
PD,2023,31,Atletico,Girona,2024-04-13T12:00:00Z,3,1
PD,2023,31,Rayo,Getafe,2024-04-13T14:15:00Z,0,0
PD,2023,31,Mallorca,Real Madrid,2024-04-13T16:30:00Z,0,1
PD,2023,31,Cádiz CF,Barcelona,2024-04-13T19:00:00Z,0,1
PD,2023,31,Las Palmas,Sevilla,2024-04-14T12:00:00Z,0,2
PD,2023,31,Granada CF,Alaves,2024-04-14T14:15:00Z,2,0
PD,2023,31,Athletic Club,Villarreal,2024-04-14T16:30:00Z,1,1
PD,2023,31,Real Sociedad,UD Almería,2024-04-14T19:00:00Z,2,2
PD,2023,31,Osasuna,Valencia,2024-04-15T19:00:00Z,0,1
PD,2023,32,Athletic Club,Granada CF,2024-04-19T19:00:00Z,1,1
PD,2023,32,Celta,Las Palmas,2024-04-20T12:00:00Z,4,1
PD,2023,32,Rayo,Osasuna,2024-04-20T14:15:00Z,2,1
PD,2023,32,Valencia,Real Betis,2024-04-20T16:30:00Z,1,2
PD,2023,32,Girona,Cádiz CF,2024-04-20T19:00:00Z,4,1
PD,2023,32,Getafe,Real Sociedad,2024-04-21T12:00:00Z,1,1
PD,2023,32,UD Almería,Villarreal,2024-04-21T14:15:00Z,1,2
PD,2023,32,Alaves,Atletico,2024-04-21T16:30:00Z,2,0
PD,2023,32,Real Madrid,Barcelona,2024-04-21T19:00:00Z,3,2
PD,2023,32,Sevilla,Mallorca,2024-04-22T19:00:00Z,2,1
PD,2023,33,Real Sociedad,Real Madrid,2024-04-26T19:00:00Z,0,1
PD,2023,33,Las Palmas,Girona,2024-04-27T12:00:00Z,0,2
PD,2023,33,UD Almería,Getafe,2024-04-27T14:15:00Z,1,3
PD,2023,33,Alaves,Celta,2024-04-27T16:30:00Z,3,0
PD,2023,33,Atletico,Athletic Club,2024-04-27T19:00:00Z,3,1
PD,2023,33,Cádiz CF,Mallorca,2024-04-28T12:00:00Z,1,1
PD,2023,33,Granada CF,Osasuna,2024-04-28T14:15:00Z,3,0
PD,2023,33,Villarreal,Rayo,2024-04-28T16:30:00Z,3,0
PD,2023,33,Real Betis,Sevilla,2024-04-28T19:00:00Z,1,1
PD,2023,33,Barcelona,Valencia,2024-04-29T19:00:00Z,4,2
PD,2023,34,Getafe,Athletic Club,2024-05-03T19:00:00Z,0,2
PD,2023,34,Real Sociedad,Las Palmas,2024-05-04T12:00:00Z,2,0
PD,2023,34,Real Madrid,Cádiz CF,2024-05-04T14:15:00Z,3,0
PD,2023,34,Girona,Barcelona,2024-05-04T16:30:00Z,4,2
PD,2023,34,Mallorca,Atletico,2024-05-04T19:00:00Z,0,1
PD,2023,34,Osasuna,Real Betis,2024-05-05T12:00:00Z,0,2
PD,2023,34,Celta,Villarreal,2024-05-05T14:15:00Z,3,2
PD,2023,34,Valencia,Alaves,2024-05-05T16:30:00Z,0,1
PD,2023,34,Sevilla,Granada CF,2024-05-05T19:00:00Z,3,0
PD,2023,34,Rayo,UD Almería,2024-05-05T19:00:00Z,0,1
PD,2023,35,Alaves,Girona,2024-05-10T19:00:00Z,2,2
PD,2023,35,Mallorca,Las Palmas,2024-05-11T12:00:00Z,1,0
PD,2023,35,Villarreal,Sevilla,2024-05-11T14:15:00Z,3,2
PD,2023,35,Granada CF,Real Madrid,2024-05-11T16:30:00Z,0,4
PD,2023,35,Athletic Club,Osasuna,2024-05-11T19:00:00Z,2,2
PD,2023,35,Cádiz CF,Getafe,2024-05-12T12:00:00Z,1,0
PD,2023,35,Atletico,Celta,2024-05-12T14:15:00Z,1,0
PD,2023,35,Valencia,Rayo,2024-05-12T16:30:00Z,0,0
PD,2023,35,Real Betis,UD Almería,2024-05-12T19:00:00Z,3,2
PD,2023,35,Barcelona,Real Sociedad,2024-05-13T19:00:00Z,2,0
PD,2023,36,Osasuna,Mallorca,2024-05-14T17:30:00Z,1,1
PD,2023,36,Real Madrid,Alaves,2024-05-14T19:30:00Z,5,0
PD,2023,36,Girona,Villarreal,2024-05-14T20:00:00Z,0,1
PD,2023,36,Sevilla,Cádiz CF,2024-05-15T17:30:00Z,0,1
PD,2023,36,Rayo,Granada CF,2024-05-15T17:30:00Z,2,1
PD,2023,36,Celta,Athletic Club,2024-05-15T20:00:00Z,2,1
PD,2023,36,Getafe,Atletico,2024-05-15T20:00:00Z,0,3
PD,2023,36,Las Palmas,Real Betis,2024-05-16T17:30:00Z,2,2
PD,2023,36,UD Almería,Barcelona,2024-05-16T19:30:00Z,0,2
PD,2023,36,Real Sociedad,Valencia,2024-05-16T20:00:00Z,1,0
PD,2023,37,Alaves,Getafe,2024-05-18T19:00:00Z,1,0
PD,2023,37,Athletic Club,Sevilla,2024-05-19T17:00:00Z,2,0
PD,2023,37,Atletico,Osasuna,2024-05-19T17:00:00Z,1,4
PD,2023,37,Real Betis,Real Sociedad,2024-05-19T17:00:00Z,0,2
PD,2023,37,Barcelona,Rayo,2024-05-19T17:00:00Z,3,0
PD,2023,37,Cádiz CF,Las Palmas,2024-05-19T17:00:00Z,0,0
PD,2023,37,Granada CF,Celta,2024-05-19T17:00:00Z,1,2
PD,2023,37,Valencia,Girona,2024-05-19T17:00:00Z,1,3
PD,2023,37,Villarreal,Real Madrid,2024-05-19T17:00:00Z,4,4
PD,2023,37,Mallorca,UD Almería,2024-05-19T17:00:00Z,2,2
PD,2023,38,Girona,Granada CF,2024-05-24T19:00:00Z,7,0
PD,2023,38,Osasuna,Villarreal,2024-05-25T12:00:00Z,1,1
PD,2023,38,Real Sociedad,Atletico,2024-05-25T14:15:00Z,0,2
PD,2023,38,Rayo,Athletic Club,2024-05-25T16:30:00Z,0,1
PD,2023,38,UD Almería,Cádiz CF,2024-05-25T16:30:00Z,6,1
PD,2023,38,Real Madrid,Real Betis,2024-05-25T19:00:00Z,0,0
PD,2023,38,Getafe,Mallorca,2024-05-26T12:00:00Z,1,2
PD,2023,38,Celta,Valencia,2024-05-26T14:15:00Z,2,2
PD,2023,38,Las Palmas,Alaves,2024-05-26T14:15:00Z,1,1
PD,2023,38,Sevilla,Barcelona,2024-05-26T19:00:00Z,1,2
BL1,2024,1,Gladbach,Leverkusen,2024-08-23T18:30:00Z,2,3
BL1,2024,1,Leipzig,Bochum,2024-08-24T13:30:00Z,1,0
BL1,2024,1,Hoffenheim,Holstein Kiel,2024-08-24T13:30:00Z,3,2
BL1,2024,1,Freiburg,Stuttgart,2024-08-24T13:30:00Z,3,1
BL1,2024,1,Augsburg,Werder Bremen,2024-08-24T13:30:00Z,2,2
BL1,2024,1,Mainz,Union Berlin,2024-08-24T13:30:00Z,1,1
BL1,2024,1,Dortmund,Frankfurt,2024-08-24T16:30:00Z,2,0
BL1,2024,1,Wolfsburg,Bayern,2024-08-25T13:30:00Z,2,3
BL1,2024,1,St. Pauli,Heidenheim,2024-08-25T15:30:00Z,0,2
BL1,2024,2,Union Berlin,St. Pauli,2024-08-30T18:30:00Z,1,0
BL1,2024,2,Stuttgart,Mainz,2024-08-31T13:30:00Z,3,3
BL1,2024,2,Frankfurt,Hoffenheim,2024-08-31T13:30:00Z,3,1
BL1,2024,2,Werder Bremen,Dortmund,2024-08-31T13:30:00Z,0,0
BL1,2024,2,Bochum,Gladbach,2024-08-31T13:30:00Z,0,2
BL1,2024,2,Holstein Kiel,Wolfsburg,2024-08-31T13:30:00Z,0,2
BL1,2024,2,Leverkusen,Leipzig,2024-08-31T16:30:00Z,2,3
BL1,2024,2,Heidenheim,Augsburg,2024-09-01T13:30:00Z,4,0
BL1,2024,2,Bayern,Freiburg,2024-09-01T15:30:00Z,2,0
BL1,2024,3,Dortmund,Heidenheim,2024-09-13T18:30:00Z,4,2
BL1,2024,3,Leipzig,Union Berlin,2024-09-14T13:30:00Z,0,0
BL1,2024,3,Hoffenheim,Leverkusen,2024-09-14T13:30:00Z,1,4
BL1,2024,3,Freiburg,Bochum,2024-09-14T13:30:00Z,2,1
BL1,2024,3,Wolfsburg,Frankfurt,2024-09-14T13:30:00Z,1,2
BL1,2024,3,Gladbach,Stuttgart,2024-09-14T13:30:00Z,1,3
BL1,2024,3,Holstein Kiel,Bayern,2024-09-14T16:30:00Z,1,6
BL1,2024,3,Augsburg,St. Pauli,2024-09-15T13:30:00Z,3,1
BL1,2024,3,Mainz,Werder Bremen,2024-09-15T15:30:00Z,1,2
BL1,2024,4,Augsburg,Mainz,2024-09-20T18:30:00Z,2,3
BL1,2024,4,Heidenheim,Freiburg,2024-09-21T13:30:00Z,0,3
BL1,2024,4,Werder Bremen,Bayern,2024-09-21T13:30:00Z,0,5
BL1,2024,4,Union Berlin,Hoffenheim,2024-09-21T13:30:00Z,2,1
BL1,2024,4,Bochum,Holstein Kiel,2024-09-21T13:30:00Z,2,2
BL1,2024,4,Frankfurt,Gladbach,2024-09-21T16:30:00Z,2,0
BL1,2024,4,Leverkusen,Wolfsburg,2024-09-22T13:30:00Z,4,3
BL1,2024,4,Stuttgart,Dortmund,2024-09-22T15:30:00Z,5,1
BL1,2024,4,St. Pauli,Leipzig,2024-09-22T17:30:00Z,0,0
BL1,2024,5,Dortmund,Bochum,2024-09-27T18:30:00Z,4,2
BL1,2024,5,Leipzig,Augsburg,2024-09-28T13:30:00Z,4,0
BL1,2024,5,Freiburg,St. Pauli,2024-09-28T13:30:00Z,0,3
BL1,2024,5,Wolfsburg,Stuttgart,2024-09-28T13:30:00Z,2,2
BL1,2024,5,Mainz,Heidenheim,2024-09-28T13:30:00Z,0,2
BL1,2024,5,Gladbach,Union Berlin,2024-09-28T13:30:00Z,1,0
BL1,2024,5,Bayern,Leverkusen,2024-09-28T16:30:00Z,1,1
BL1,2024,5,Holstein Kiel,Frankfurt,2024-09-29T13:30:00Z,2,4
BL1,2024,5,Hoffenheim,Werder Bremen,2024-09-29T15:30:00Z,3,4
BL1,2024,6,Augsburg,Gladbach,2024-10-04T18:30:00Z,2,1
BL1,2024,6,Leverkusen,Holstein Kiel,2024-10-05T13:30:00Z,2,2
BL1,2024,6,Werder Bremen,Freiburg,2024-10-05T13:30:00Z,0,1
BL1,2024,6,Union Berlin,Dortmund,2024-10-05T13:30:00Z,2,1
BL1,2024,6,Bochum,Wolfsburg,2024-10-05T13:30:00Z,1,3
BL1,2024,6,St. Pauli,Mainz,2024-10-05T16:30:00Z,0,3
BL1,2024,6,Heidenheim,Leipzig,2024-10-06T13:30:00Z,0,1
BL1,2024,6,Frankfurt,Bayern,2024-10-06T15:30:00Z,3,3
BL1,2024,6,Stuttgart,Hoffenheim,2024-10-06T17:30:00Z,1,1
BL1,2024,7,Dortmund,St. Pauli,2024-10-18T18:30:00Z,2,1
BL1,2024,7,Leverkusen,Frankfurt,2024-10-19T13:30:00Z,2,1
BL1,2024,7,Hoffenheim,Bochum,2024-10-19T13:30:00Z,3,1
BL1,2024,7,Freiburg,Augsburg,2024-10-19T13:30:00Z,3,1
BL1,2024,7,Mainz,Leipzig,2024-10-19T13:30:00Z,0,2
BL1,2024,7,Gladbach,Heidenheim,2024-10-19T13:30:00Z,3,2
BL1,2024,7,Bayern,Stuttgart,2024-10-19T16:30:00Z,4,0
BL1,2024,7,Holstein Kiel,Union Berlin,2024-10-20T13:30:00Z,0,2
BL1,2024,7,Wolfsburg,Werder Bremen,2024-10-20T15:30:00Z,2,4
BL1,2024,8,Mainz,Gladbach,2024-10-25T18:30:00Z,1,1
BL1,2024,8,Stuttgart,Holstein Kiel,2024-10-26T13:30:00Z,2,1
BL1,2024,8,Leipzig,Freiburg,2024-10-26T13:30:00Z,3,1
BL1,2024,8,Augsburg,Dortmund,2024-10-26T13:30:00Z,2,1
BL1,2024,8,St. Pauli,Wolfsburg,2024-10-26T13:30:00Z,0,0
BL1,2024,8,Werder Bremen,Leverkusen,2024-10-26T16:30:00Z,2,2
BL1,2024,8,Bochum,Bayern,2024-10-27T14:30:00Z,0,5
BL1,2024,8,Union Berlin,Frankfurt,2024-10-27T16:30:00Z,1,1
BL1,2024,8,Heidenheim,Hoffenheim,2024-10-27T18:30:00Z,0,0
BL1,2024,9,Leverkusen,Stuttgart,2024-11-01T19:30:00Z,0,0
BL1,2024,9,Bayern,Union Berlin,2024-11-02T14:30:00Z,3,0
BL1,2024,9,Frankfurt,Bochum,2024-11-02T14:30:00Z,7,2
BL1,2024,9,Hoffenheim,St. Pauli,2024-11-02T14:30:00Z,0,2
BL1,2024,9,Wolfsburg,Augsburg,2024-11-02T14:30:00Z,1,1
BL1,2024,9,Holstein Kiel,Heidenheim,2024-11-02T14:30:00Z,1,0
BL1,2024,9,Dortmund,Leipzig,2024-11-02T17:30:00Z,2,1
BL1,2024,9,Freiburg,Mainz,2024-11-03T14:30:00Z,0,0
BL1,2024,9,Gladbach,Werder Bremen,2024-11-03T16:30:00Z,4,1
BL1,2024,10,Union Berlin,Freiburg,2024-11-08T19:30:00Z,0,0
BL1,2024,10,Werder Bremen,Holstein Kiel,2024-11-09T14:30:00Z,2,1
BL1,2024,10,Mainz,Dortmund,2024-11-09T14:30:00Z,3,1
BL1,2024,10,Bochum,Leverkusen,2024-11-09T14:30:00Z,1,1
BL1,2024,10,St. Pauli,Bayern,2024-11-09T14:30:00Z,0,1
BL1,2024,10,Leipzig,Gladbach,2024-11-09T17:30:00Z,0,0
BL1,2024,10,Augsburg,Hoffenheim,2024-11-10T14:30:00Z,0,0
BL1,2024,10,Stuttgart,Frankfurt,2024-11-10T16:30:00Z,2,3
BL1,2024,10,Heidenheim,Wolfsburg,2024-11-10T18:30:00Z,1,3
BL1,2024,11,Bayern,Augsburg,2024-11-22T19:30:00Z,3,0
BL1,2024,11,Leverkusen,Heidenheim,2024-11-23T14:30:00Z,5,2
BL1,2024,11,Stuttgart,Bochum,2024-11-23T14:30:00Z,2,0
BL1,2024,11,Dortmund,Freiburg,2024-11-23T14:30:00Z,4,0
BL1,2024,11,Hoffenheim,Leipzig,2024-11-23T14:30:00Z,4,3
BL1,2024,11,Wolfsburg,Union Berlin,2024-11-23T14:30:00Z,1,0
BL1,2024,11,Frankfurt,Werder Bremen,2024-11-23T17:30:00Z,1,0
BL1,2024,11,Holstein Kiel,Mainz,2024-11-24T14:30:00Z,0,3
BL1,2024,11,Gladbach,St. Pauli,2024-11-24T16:30:00Z,2,0
BL1,2024,12,St. Pauli,Holstein Kiel,2024-11-29T19:30:00Z,3,1
BL1,2024,12,Leipzig,Wolfsburg,2024-11-30T14:30:00Z,1,5
BL1,2024,12,Werder Bremen,Stuttgart,2024-11-30T14:30:00Z,2,2
BL1,2024,12,Freiburg,Gladbach,2024-11-30T14:30:00Z,3,1
BL1,2024,12,Augsburg,Bochum,2024-11-30T14:30:00Z,1,0
BL1,2024,12,Union Berlin,Leverkusen,2024-11-30T14:30:00Z,1,2
BL1,2024,12,Dortmund,Bayern,2024-11-30T17:30:00Z,1,1
BL1,2024,12,Mainz,Hoffenheim,2024-12-01T14:30:00Z,2,0
BL1,2024,12,Heidenheim,Frankfurt,2024-12-01T16:30:00Z,0,4
BL1,2024,13,Stuttgart,Union Berlin,2024-12-06T19:30:00Z,3,2
BL1,2024,13,Leverkusen,St. Pauli,2024-12-07T14:30:00Z,2,1
BL1,2024,13,Bayern,Heidenheim,2024-12-07T14:30:00Z,4,2
BL1,2024,13,Frankfurt,Augsburg,2024-12-07T14:30:00Z,2,2
BL1,2024,13,Bochum,Werder Bremen,2024-12-07T14:30:00Z,0,1
BL1,2024,13,Holstein Kiel,Leipzig,2024-12-07T14:30:00Z,0,2
BL1,2024,13,Gladbach,Dortmund,2024-12-07T17:30:00Z,1,1
BL1,2024,13,Wolfsburg,Mainz,2024-12-08T14:30:00Z,4,3
BL1,2024,13,Hoffenheim,Freiburg,2024-12-08T16:30:00Z,1,1
BL1,2024,14,Freiburg,Wolfsburg,2024-12-13T19:30:00Z,3,2
BL1,2024,14,Mainz,Bayern,2024-12-14T14:30:00Z,2,1
BL1,2024,14,Gladbach,Holstein Kiel,2024-12-14T14:30:00Z,4,1
BL1,2024,14,Augsburg,Leverkusen,2024-12-14T14:30:00Z,0,2
BL1,2024,14,St. Pauli,Werder Bremen,2024-12-14T17:30:00Z,0,2
BL1,2024,14,Heidenheim,Stuttgart,2024-12-15T14:30:00Z,1,3
BL1,2024,14,Dortmund,Hoffenheim,2024-12-15T16:30:00Z,1,1
BL1,2024,14,Leipzig,Frankfurt,2024-12-15T18:30:00Z,2,1
BL1,2024,15,Bayern,Leipzig,2024-12-20T19:30:00Z,5,1
BL1,2024,15,Stuttgart,St. Pauli,2024-12-21T14:30:00Z,0,1
BL1,2024,15,Frankfurt,Mainz,2024-12-21T14:30:00Z,1,3
BL1,2024,15,Hoffenheim,Gladbach,2024-12-21T14:30:00Z,1,2
BL1,2024,15,Werder Bremen,Union Berlin,2024-12-21T14:30:00Z,4,1
BL1,2024,15,Holstein Kiel,Augsburg,2024-12-21T14:30:00Z,5,1
BL1,2024,15,Leverkusen,Freiburg,2024-12-21T17:30:00Z,5,1
BL1,2024,15,Bochum,Heidenheim,2024-12-22T14:30:00Z,2,0
BL1,2024,15,Wolfsburg,Dortmund,2024-12-22T16:30:00Z,1,3
BL1,2024,16,Dortmund,Leverkusen,2025-01-10T19:45:00Z,2,3
BL1,2024,16,Hoffenheim,Wolfsburg,2025-01-11T14:30:00Z,0,1
BL1,2024,16,Heidenheim,Union Berlin,2025-01-11T14:30:00Z,2,0
BL1,2024,16,Freiburg,Holstein Kiel,2025-01-11T14:30:00Z,3,2
BL1,2024,16,Mainz,Bochum,2025-01-11T14:30:00Z,2,0
BL1,2024,16,St. Pauli,Frankfurt,2025-01-11T14:30:00Z,0,1
BL1,2024,16,Gladbach,Bayern,2025-01-11T17:30:00Z,0,1
BL1,2024,16,Leipzig,Werder Bremen,2025-01-12T14:30:00Z,4,2
BL1,2024,16,Augsburg,Stuttgart,2025-01-12T16:30:00Z,0,1
BL1,2024,17,Holstein Kiel,Dortmund,2025-01-14T17:30:00Z,4,2
BL1,2024,17,Leverkusen,Mainz,2025-01-14T19:30:00Z,1,0
BL1,2024,17,Frankfurt,Freiburg,2025-01-14T19:30:00Z,4,1
BL1,2024,17,Wolfsburg,Gladbach,2025-01-14T19:30:00Z,5,1
BL1,2024,17,Bochum,St. Pauli,2025-01-15T17:30:00Z,1,0
BL1,2024,17,Stuttgart,Leipzig,2025-01-15T19:30:00Z,2,1
BL1,2024,17,Bayern,Hoffenheim,2025-01-15T19:30:00Z,5,0
BL1,2024,17,Werder Bremen,Heidenheim,2025-01-15T19:30:00Z,3,3
BL1,2024,17,Union Berlin,Augsburg,2025-01-15T19:30:00Z,0,2
BL1,2024,18,Frankfurt,Dortmund,2025-01-17T19:30:00Z,2,0
BL1,2024,18,Stuttgart,Freiburg,2025-01-18T14:30:00Z,4,0
BL1,2024,18,Bayern,Wolfsburg,2025-01-18T14:30:00Z,3,2
BL1,2024,18,Heidenheim,St. Pauli,2025-01-18T14:30:00Z,0,2
BL1,2024,18,Bochum,Leipzig,2025-01-18T14:30:00Z,3,3
BL1,2024,18,Holstein Kiel,Hoffenheim,2025-01-18T14:30:00Z,1,3
BL1,2024,18,Leverkusen,Gladbach,2025-01-18T17:30:00Z,3,1
BL1,2024,18,Union Berlin,Mainz,2025-01-19T14:30:00Z,2,1
BL1,2024,18,Werder Bremen,Augsburg,2025-01-19T16:30:00Z,0,2
BL1,2024,19,Wolfsburg,Holstein Kiel,2025-01-24T19:30:00Z,2,2
BL1,2024,19,Leipzig,Leverkusen,2025-01-25T14:30:00Z,2,2
BL1,2024,19,Mainz,Stuttgart,2025-01-25T14:30:00Z,2,0
BL1,2024,19,Freiburg,Bayern,2025-01-25T14:30:00Z,1,2
BL1,2024,19,Augsburg,Heidenheim,2025-01-25T14:30:00Z,2,1
BL1,2024,19,Dortmund,Werder Bremen,2025-01-25T14:30:00Z,2,2
BL1,2024,19,Gladbach,Bochum,2025-01-25T17:30:00Z,3,0
BL1,2024,19,Hoffenheim,Frankfurt,2025-01-26T14:30:00Z,2,2
BL1,2024,19,St. Pauli,Union Berlin,2025-01-26T16:30:00Z,3,0
BL1,2024,20,Werder Bremen,Mainz,2025-01-31T19:30:00Z,1,0
BL1,2024,20,Heidenheim,Dortmund,2025-02-01T14:30:00Z,1,2
BL1,2024,20,Bochum,Freiburg,2025-02-01T14:30:00Z,0,1
BL1,2024,20,St. Pauli,Augsburg,2025-02-01T14:30:00Z,1,1
BL1,2024,20,Stuttgart,Gladbach,2025-02-01T14:30:00Z,1,2
BL1,2024,20,Bayern,Holstein Kiel,2025-02-01T14:30:00Z,4,3
BL1,2024,20,Union Berlin,Leipzig,2025-02-01T17:30:00Z,0,0
BL1,2024,20,Frankfurt,Wolfsburg,2025-02-02T14:30:00Z,1,1
BL1,2024,20,Leverkusen,Hoffenheim,2025-02-02T16:30:00Z,3,1
BL1,2024,21,Bayern,Werder Bremen,2025-02-07T19:30:00Z,3,0
BL1,2024,21,Wolfsburg,Leverkusen,2025-02-08T14:30:00Z,0,0
BL1,2024,21,Dortmund,Stuttgart,2025-02-08T14:30:00Z,1,2
BL1,2024,21,Freiburg,Heidenheim,2025-02-08T14:30:00Z,1,0
BL1,2024,21,Mainz,Augsburg,2025-02-08T14:30:00Z,0,0
BL1,2024,21,Hoffenheim,Union Berlin,2025-02-08T14:30:00Z,0,4
BL1,2024,21,Gladbach,Frankfurt,2025-02-08T17:30:00Z,1,1
BL1,2024,21,Holstein Kiel,Bochum,2025-02-09T14:30:00Z,2,2
BL1,2024,21,Leipzig,St. Pauli,2025-02-09T16:30:00Z,2,0
BL1,2024,22,Augsburg,Leipzig,2025-02-14T19:30:00Z,0,0
BL1,2024,22,Bochum,Dortmund,2025-02-15T14:30:00Z,2,0
BL1,2024,22,St. Pauli,Freiburg,2025-02-15T14:30:00Z,0,1
BL1,2024,22,Stuttgart,Wolfsburg,2025-02-15T14:30:00Z,1,2
BL1,2024,22,Union Berlin,Gladbach,2025-02-15T14:30:00Z,1,2
BL1,2024,22,Leverkusen,Bayern,2025-02-15T17:30:00Z,0,0
BL1,2024,22,Werder Bremen,Hoffenheim,2025-02-16T14:30:00Z,1,3
BL1,2024,22,Frankfurt,Holstein Kiel,2025-02-16T16:30:00Z,3,1
BL1,2024,22,Heidenheim,Mainz,2025-02-16T18:30:00Z,0,2
BL1,2024,23,Freiburg,Werder Bremen,2025-02-21T19:30:00Z,5,0
BL1,2024,23,Holstein Kiel,Leverkusen,2025-02-22T14:30:00Z,0,2
BL1,2024,23,Gladbach,Augsburg,2025-02-22T14:30:00Z,0,3
BL1,2024,23,Wolfsburg,Bochum,2025-02-22T14:30:00Z,1,1
BL1,2024,23,Mainz,St. Pauli,2025-02-22T14:30:00Z,2,0
BL1,2024,23,Dortmund,Union Berlin,2025-02-22T17:30:00Z,6,0
BL1,2024,23,Leipzig,Heidenheim,2025-02-23T14:30:00Z,2,2
BL1,2024,23,Bayern,Frankfurt,2025-02-23T16:30:00Z,4,0
BL1,2024,23,Hoffenheim,Stuttgart,2025-02-23T18:30:00Z,1,1
BL1,2024,24,Stuttgart,Bayern,2025-02-28T19:30:00Z,1,3
BL1,2024,24,St. Pauli,Dortmund,2025-03-01T14:30:00Z,0,2
BL1,2024,24,Bochum,Hoffenheim,2025-03-01T14:30:00Z,0,1
BL1,2024,24,Werder Bremen,Wolfsburg,2025-03-01T14:30:00Z,1,2
BL1,2024,24,Leipzig,Mainz,2025-03-01T14:30:00Z,1,2
BL1,2024,24,Heidenheim,Gladbach,2025-03-01T14:30:00Z,0,3
BL1,2024,24,Frankfurt,Leverkusen,2025-03-01T17:30:00Z,1,4
BL1,2024,24,Union Berlin,Holstein Kiel,2025-03-02T14:30:00Z,0,1
BL1,2024,24,Augsburg,Freiburg,2025-03-02T16:30:00Z,0,0
BL1,2024,25,Gladbach,Mainz,2025-03-07T19:30:00Z,1,3
BL1,2024,25,Holstein Kiel,Stuttgart,2025-03-08T14:30:00Z,2,2
BL1,2024,25,Leverkusen,Werder Bremen,2025-03-08T14:30:00Z,0,2
BL1,2024,25,Dortmund,Augsburg,2025-03-08T14:30:00Z,0,1
BL1,2024,25,Bayern,Bochum,2025-03-08T14:30:00Z,2,3
BL1,2024,25,Wolfsburg,St. Pauli,2025-03-08T14:30:00Z,1,1
BL1,2024,25,Freiburg,Leipzig,2025-03-08T17:30:00Z,0,0
BL1,2024,25,Frankfurt,Union Berlin,2025-03-09T14:30:00Z,1,2
BL1,2024,25,Hoffenheim,Heidenheim,2025-03-09T16:30:00Z,1,1
BL1,2024,26,St. Pauli,Hoffenheim,2025-03-14T19:30:00Z,1,0
BL1,2024,26,Union Berlin,Bayern,2025-03-15T14:30:00Z,1,1
BL1,2024,26,Mainz,Freiburg,2025-03-15T14:30:00Z,2,2
BL1,2024,26,Augsburg,Wolfsburg,2025-03-15T14:30:00Z,1,0
BL1,2024,26,Werder Bremen,Gladbach,2025-03-15T14:30:00Z,2,4
BL1,2024,26,Leipzig,Dortmund,2025-03-15T17:30:00Z,2,0
BL1,2024,26,Bochum,Frankfurt,2025-03-16T15:20:00Z,1,3
BL1,2024,26,Heidenheim,Holstein Kiel,2025-03-16T16:30:00Z,3,1
BL1,2024,26,Stuttgart,Leverkusen,2025-03-16T18:30:00Z,3,4
BL1,2024,27,Leverkusen,Bochum,2025-03-28T19:30:00Z,3,1
BL1,2024,27,Gladbach,Leipzig,2025-03-29T14:30:00Z,1,0
BL1,2024,27,Wolfsburg,Heidenheim,2025-03-29T14:30:00Z,0,1
BL1,2024,27,Holstein Kiel,Werder Bremen,2025-03-29T14:30:00Z,0,3
BL1,2024,27,Hoffenheim,Augsburg,2025-03-29T14:30:00Z,1,1
BL1,2024,27,Bayern,St. Pauli,2025-03-29T14:30:00Z,3,2
BL1,2024,27,Frankfurt,Stuttgart,2025-03-29T17:30:00Z,1,0
BL1,2024,27,Freiburg,Union Berlin,2025-03-30T13:30:00Z,1,2
BL1,2024,27,Dortmund,Mainz,2025-03-30T15:30:00Z,3,1
BL1,2024,28,Augsburg,Bayern,2025-04-04T18:30:00Z,1,3
BL1,2024,28,Heidenheim,Leverkusen,2025-04-05T13:30:00Z,0,1
BL1,2024,28,Bochum,Stuttgart,2025-04-05T13:30:00Z,0,4
BL1,2024,28,Freiburg,Dortmund,2025-04-05T13:30:00Z,1,4
BL1,2024,28,Leipzig,Hoffenheim,2025-04-05T13:30:00Z,3,1
BL1,2024,28,Mainz,Holstein Kiel,2025-04-05T13:30:00Z,1,1
BL1,2024,28,Werder Bremen,Frankfurt,2025-04-05T16:30:00Z,2,0
BL1,2024,28,St. Pauli,Gladbach,2025-04-06T13:30:00Z,1,1
BL1,2024,28,Union Berlin,Wolfsburg,2025-04-06T15:30:00Z,1,0
BL1,2024,29,Wolfsburg,Leipzig,2025-04-11T18:30:00Z,2,3
BL1,2024,29,Gladbach,Freiburg,2025-04-12T13:30:00Z,1,2
BL1,2024,29,Bochum,Augsburg,2025-04-12T13:30:00Z,1,2
BL1,2024,29,Hoffenheim,Mainz,2025-04-12T13:30:00Z,2,0
BL1,2024,29,Leverkusen,Union Berlin,2025-04-12T13:30:00Z,0,0
BL1,2024,29,Holstein Kiel,St. Pauli,2025-04-12T13:30:00Z,1,2
BL1,2024,29,Bayern,Dortmund,2025-04-12T16:30:00Z,2,2
BL1,2024,29,Stuttgart,Werder Bremen,2025-04-13T13:30:00Z,1,2
BL1,2024,29,Frankfurt,Heidenheim,2025-04-13T15:30:00Z,3,0
BL1,2024,30,Heidenheim,Bayern,2025-04-19T13:30:00Z,0,4
BL1,2024,30,Freiburg,Hoffenheim,2025-04-19T13:30:00Z,3,2
BL1,2024,30,Mainz,Wolfsburg,2025-04-19T13:30:00Z,2,2
BL1,2024,30,Werder Bremen,Bochum,2025-04-19T13:30:00Z,1,0
BL1,2024,30,Leipzig,Holstein Kiel,2025-04-19T13:30:00Z,1,1
BL1,2024,30,Union Berlin,Stuttgart,2025-04-19T16:30:00Z,4,4
BL1,2024,30,Augsburg,Frankfurt,2025-04-20T13:30:00Z,0,0
BL1,2024,30,Dortmund,Gladbach,2025-04-20T15:30:00Z,3,2
BL1,2024,30,St. Pauli,Leverkusen,2025-04-20T17:30:00Z,1,1
BL1,2024,31,Stuttgart,Heidenheim,2025-04-25T18:30:00Z,0,1
BL1,2024,31,Hoffenheim,Dortmund,2025-04-26T13:30:00Z,2,3
BL1,2024,31,Wolfsburg,Freiburg,2025-04-26T13:30:00Z,0,1
BL1,2024,31,Bayern,Mainz,2025-04-26T13:30:00Z,3,0
BL1,2024,31,Holstein Kiel,Gladbach,2025-04-26T13:30:00Z,4,3
BL1,2024,31,Leverkusen,Augsburg,2025-04-26T13:30:00Z,2,0
BL1,2024,31,Frankfurt,Leipzig,2025-04-26T16:30:00Z,4,0
BL1,2024,31,Bochum,Union Berlin,2025-04-27T13:30:00Z,1,1
BL1,2024,31,Werder Bremen,St. Pauli,2025-04-27T15:30:00Z,0,0
BL1,2024,32,Heidenheim,Bochum,2025-05-02T18:30:00Z,0,0
BL1,2024,32,St. Pauli,Stuttgart,2025-05-03T13:30:00Z,0,1
BL1,2024,32,Leipzig,Bayern,2025-05-03T13:30:00Z,3,3
BL1,2024,32,Gladbach,Hoffenheim,2025-05-03T13:30:00Z,4,4
BL1,2024,32,Union Berlin,Werder Bremen,2025-05-03T13:30:00Z,2,2
BL1,2024,32,Dortmund,Wolfsburg,2025-05-03T16:30:00Z,4,0
BL1,2024,32,Augsburg,Holstein Kiel,2025-05-04T13:30:00Z,1,3
BL1,2024,32,Freiburg,Leverkusen,2025-05-04T15:30:00Z,2,2
BL1,2024,32,Mainz,Frankfurt,2025-05-04T17:30:00Z,1,1
BL1,2024,33,Wolfsburg,Hoffenheim,2025-05-09T18:30:00Z,2,2
BL1,2024,33,Werder Bremen,Leipzig,2025-05-10T13:30:00Z,0,0
BL1,2024,33,Union Berlin,Heidenheim,2025-05-10T13:30:00Z,0,3
BL1,2024,33,Holstein Kiel,Freiburg,2025-05-10T13:30:00Z,1,2
BL1,2024,33,Bochum,Mainz,2025-05-10T13:30:00Z,1,4
BL1,2024,33,Bayern,Gladbach,2025-05-10T16:30:00Z,2,0
BL1,2024,33,Leverkusen,Dortmund,2025-05-11T13:30:00Z,2,4
BL1,2024,33,Frankfurt,St. Pauli,2025-05-11T15:30:00Z,2,2
BL1,2024,33,Stuttgart,Augsburg,2025-05-11T17:30:00Z,4,0
BL1,2024,34,Mainz,Leverkusen,2025-05-17T13:30:00Z,2,2
BL1,2024,34,Leipzig,Stuttgart,2025-05-17T13:30:00Z,2,3
BL1,2024,34,Hoffenheim,Bayern,2025-05-17T13:30:00Z,0,4
BL1,2024,34,Freiburg,Frankfurt,2025-05-17T13:30:00Z,1,3
BL1,2024,34,Heidenheim,Werder Bremen,2025-05-17T13:30:00Z,1,4
BL1,2024,34,Gladbach,Wolfsburg,2025-05-17T13:30:00Z,0,1
BL1,2024,34,Augsburg,Union Berlin,2025-05-17T13:30:00Z,1,2
BL1,2024,34,St. Pauli,Bochum,2025-05-17T13:30:00Z,0,2
BL1,2024,34,Dortmund,Holstein Kiel,2025-05-17T13:30:00Z,3,0
BL1,2023,1,Werder Bremen,Bayern,2023-08-18T18:30:00Z,0,4
BL1,2023,1,Leverkusen,Leipzig,2023-08-19T13:30:00Z,3,2
BL1,2023,1,Wolfsburg,Heidenheim,2023-08-19T13:30:00Z,2,0
BL1,2023,1,Hoffenheim,Freiburg,2023-08-19T13:30:00Z,1,2
BL1,2023,1,Augsburg,Gladbach,2023-08-19T13:30:00Z,4,4
BL1,2023,1,Stuttgart,Bochum,2023-08-19T13:30:00Z,5,0
BL1,2023,1,Dortmund,Koln,2023-08-19T16:30:00Z,1,0
BL1,2023,1,Union Berlin,Mainz,2023-08-20T13:30:00Z,4,1
BL1,2023,1,Frankfurt,SV Darmstadt 98,2023-08-20T15:30:00Z,1,0
BL1,2023,2,Leipzig,Stuttgart,2023-08-25T18:30:00Z,5,1
BL1,2023,2,Freiburg,Werder Bremen,2023-08-26T13:30:00Z,1,0
BL1,2023,2,Koln,Wolfsburg,2023-08-26T13:30:00Z,1,2
BL1,2023,2,Bochum,Dortmund,2023-08-26T13:30:00Z,1,1
BL1,2023,2,Heidenheim,Hoffenheim,2023-08-26T13:30:00Z,2,3
BL1,2023,2,SV Darmstadt 98,Union Berlin,2023-08-26T13:30:00Z,1,4
BL1,2023,2,Gladbach,Leverkusen,2023-08-26T16:30:00Z,0,3
BL1,2023,2,Mainz,Frankfurt,2023-08-27T13:30:00Z,1,1
BL1,2023,2,Bayern,Augsburg,2023-08-27T15:30:00Z,3,1
BL1,2023,3,Dortmund,Heidenheim,2023-09-01T18:30:00Z,2,2
BL1,2023,3,Leverkusen,SV Darmstadt 98,2023-09-02T13:30:00Z,5,1
BL1,2023,3,Hoffenheim,Wolfsburg,2023-09-02T13:30:00Z,3,1
BL1,2023,3,Werder Bremen,Mainz,2023-09-02T13:30:00Z,4,0
BL1,2023,3,Augsburg,Bochum,2023-09-02T13:30:00Z,2,2
BL1,2023,3,Stuttgart,Freiburg,2023-09-02T13:30:00Z,5,0
BL1,2023,3,Gladbach,Bayern,2023-09-02T16:30:00Z,1,2
BL1,2023,3,Frankfurt,Koln,2023-09-03T13:30:00Z,1,1
BL1,2023,3,Union Berlin,Leipzig,2023-09-03T15:30:00Z,0,3
BL1,2023,4,Bayern,Leverkusen,2023-09-15T18:30:00Z,2,2
BL1,2023,4,Leipzig,Augsburg,2023-09-16T13:30:00Z,3,0
BL1,2023,4,Freiburg,Dortmund,2023-09-16T13:30:00Z,2,4
BL1,2023,4,Wolfsburg,Union Berlin,2023-09-16T13:30:00Z,2,1
BL1,2023,4,Mainz,Stuttgart,2023-09-16T13:30:00Z,1,3
BL1,2023,4,Koln,Hoffenheim,2023-09-16T13:30:00Z,1,3
BL1,2023,4,Bochum,Frankfurt,2023-09-16T16:30:00Z,1,1
BL1,2023,4,Heidenheim,Werder Bremen,2023-09-17T13:30:00Z,4,2
BL1,2023,4,SV Darmstadt 98,Gladbach,2023-09-17T15:30:00Z,3,3
BL1,2023,5,Stuttgart,SV Darmstadt 98,2023-09-22T18:30:00Z,3,1
BL1,2023,5,Bayern,Bochum,2023-09-23T13:30:00Z,7,0
BL1,2023,5,Dortmund,Wolfsburg,2023-09-23T13:30:00Z,1,0
BL1,2023,5,Union Berlin,Hoffenheim,2023-09-23T13:30:00Z,0,2
BL1,2023,5,Gladbach,Leipzig,2023-09-23T13:30:00Z,0,1
BL1,2023,5,Augsburg,Mainz,2023-09-23T13:30:00Z,2,1
BL1,2023,5,Werder Bremen,Koln,2023-09-23T16:30:00Z,2,1
BL1,2023,5,Leverkusen,Heidenheim,2023-09-24T13:30:00Z,4,1
BL1,2023,5,Frankfurt,Freiburg,2023-09-24T15:30:00Z,0,0
BL1,2023,6,Hoffenheim,Dortmund,2023-09-29T18:30:00Z,1,3
BL1,2023,6,Wolfsburg,Frankfurt,2023-09-30T13:30:00Z,2,0
BL1,2023,6,Mainz,Leverkusen,2023-09-30T13:30:00Z,0,3
BL1,2023,6,Koln,Stuttgart,2023-09-30T13:30:00Z,0,2
BL1,2023,6,Bochum,Gladbach,2023-09-30T13:30:00Z,1,3
BL1,2023,6,Heidenheim,Union Berlin,2023-09-30T13:30:00Z,1,0
BL1,2023,6,Leipzig,Bayern,2023-09-30T16:30:00Z,2,2
BL1,2023,6,SV Darmstadt 98,Werder Bremen,2023-10-01T13:30:00Z,4,2
BL1,2023,6,Freiburg,Augsburg,2023-10-01T15:30:00Z,2,0
BL1,2023,7,Gladbach,Mainz,2023-10-06T18:30:00Z,2,2
BL1,2023,7,Dortmund,Union Berlin,2023-10-07T13:30:00Z,4,2
BL1,2023,7,Leipzig,Bochum,2023-10-07T13:30:00Z,0,0
BL1,2023,7,Augsburg,SV Darmstadt 98,2023-10-07T13:30:00Z,1,2
BL1,2023,7,Stuttgart,Wolfsburg,2023-10-07T13:30:00Z,3,1
BL1,2023,7,Werder Bremen,Hoffenheim,2023-10-07T16:30:00Z,2,3
BL1,2023,7,Leverkusen,Koln,2023-10-08T13:30:00Z,3,0
BL1,2023,7,Bayern,Freiburg,2023-10-08T15:30:00Z,3,0
BL1,2023,7,Frankfurt,Heidenheim,2023-10-08T17:30:00Z,2,0
BL1,2023,8,Dortmund,Werder Bremen,2023-10-20T18:30:00Z,1,0
BL1,2023,8,Hoffenheim,Frankfurt,2023-10-21T13:30:00Z,1,3
BL1,2023,8,SV Darmstadt 98,Leipzig,2023-10-21T13:30:00Z,1,3
BL1,2023,8,Union Berlin,Stuttgart,2023-10-21T13:30:00Z,0,3
BL1,2023,8,Freiburg,Bochum,2023-10-21T13:30:00Z,2,1
BL1,2023,8,Wolfsburg,Leverkusen,2023-10-21T13:30:00Z,1,2
BL1,2023,8,Mainz,Bayern,2023-10-21T16:30:00Z,1,3
BL1,2023,8,Koln,Gladbach,2023-10-22T13:30:00Z,3,1
BL1,2023,8,Heidenheim,Augsburg,2023-10-22T15:30:00Z,2,5
BL1,2023,9,Bochum,Mainz,2023-10-27T18:30:00Z,2,2
BL1,2023,9,Bayern,SV Darmstadt 98,2023-10-28T13:30:00Z,8,0
BL1,2023,9,Gladbach,Heidenheim,2023-10-28T13:30:00Z,2,1
BL1,2023,9,Werder Bremen,Union Berlin,2023-10-28T13:30:00Z,2,0
BL1,2023,9,Augsburg,Wolfsburg,2023-10-28T13:30:00Z,3,2
BL1,2023,9,Stuttgart,Hoffenheim,2023-10-28T13:30:00Z,2,3
BL1,2023,9,Leipzig,Koln,2023-10-28T16:30:00Z,6,0
BL1,2023,9,Frankfurt,Dortmund,2023-10-29T14:30:00Z,3,3
BL1,2023,9,Leverkusen,Freiburg,2023-10-29T16:30:00Z,2,1
BL1,2023,10,SV Darmstadt 98,Bochum,2023-11-03T19:30:00Z,1,2
BL1,2023,10,Union Berlin,Frankfurt,2023-11-04T14:30:00Z,0,3
BL1,2023,10,Freiburg,Gladbach,2023-11-04T14:30:00Z,3,3
BL1,2023,10,Mainz,Leipzig,2023-11-04T14:30:00Z,2,0
BL1,2023,10,Koln,Augsburg,2023-11-04T14:30:00Z,1,1
BL1,2023,10,Hoffenheim,Leverkusen,2023-11-04T14:30:00Z,2,3
BL1,2023,10,Dortmund,Bayern,2023-11-04T17:30:00Z,0,4
BL1,2023,10,Wolfsburg,Werder Bremen,2023-11-05T14:30:00Z,2,2
BL1,2023,10,Heidenheim,Stuttgart,2023-11-05T16:30:00Z,2,0
BL1,2023,11,Gladbach,Wolfsburg,2023-11-10T19:30:00Z,4,0
BL1,2023,11,Bayern,Heidenheim,2023-11-11T14:30:00Z,4,2
BL1,2023,11,Augsburg,Hoffenheim,2023-11-11T14:30:00Z,1,1
BL1,2023,11,Stuttgart,Dortmund,2023-11-11T14:30:00Z,2,1
BL1,2023,11,SV Darmstadt 98,Mainz,2023-11-11T14:30:00Z,0,0
BL1,2023,11,Bochum,Koln,2023-11-11T17:30:00Z,1,1
BL1,2023,11,Leverkusen,Union Berlin,2023-11-12T14:30:00Z,4,0
BL1,2023,11,Werder Bremen,Frankfurt,2023-11-12T16:30:00Z,2,2
BL1,2023,11,Leipzig,Freiburg,2023-11-12T18:30:00Z,3,1
BL1,2023,12,Koln,Bayern,2023-11-24T19:30:00Z,0,1
BL1,2023,12,Dortmund,Gladbach,2023-11-25T14:30:00Z,4,2
BL1,2023,12,Union Berlin,Augsburg,2023-11-25T14:30:00Z,1,1
BL1,2023,12,Freiburg,SV Darmstadt 98,2023-11-25T14:30:00Z,1,1
BL1,2023,12,Wolfsburg,Leipzig,2023-11-25T14:30:00Z,2,1
BL1,2023,12,Werder Bremen,Leverkusen,2023-11-25T14:30:00Z,0,3
BL1,2023,12,Frankfurt,Stuttgart,2023-11-25T17:30:00Z,1,2
BL1,2023,12,Heidenheim,Bochum,2023-11-26T14:30:00Z,0,0
BL1,2023,12,Hoffenheim,Mainz,2023-11-26T16:30:00Z,1,1
BL1,2023,13,SV Darmstadt 98,Koln,2023-12-01T19:30:00Z,0,1
BL1,2023,13,Leipzig,Heidenheim,2023-12-02T14:30:00Z,2,1
BL1,2023,13,Gladbach,Hoffenheim,2023-12-02T14:30:00Z,2,1
BL1,2023,13,Bochum,Wolfsburg,2023-12-02T14:30:00Z,3,1
BL1,2023,13,Stuttgart,Werder Bremen,2023-12-02T17:30:00Z,2,0
BL1,2023,13,Mainz,Freiburg,2023-12-03T14:30:00Z,0,1
BL1,2023,13,Leverkusen,Dortmund,2023-12-03T16:30:00Z,1,1
BL1,2023,13,Augsburg,Frankfurt,2023-12-03T18:30:00Z,2,1
BL1,2023,14,Hoffenheim,Bochum,2023-12-08T19:30:00Z,3,1
BL1,2023,14,Union Berlin,Gladbach,2023-12-09T14:30:00Z,3,1
BL1,2023,14,Frankfurt,Bayern,2023-12-09T14:30:00Z,5,1
BL1,2023,14,Wolfsburg,Freiburg,2023-12-09T14:30:00Z,0,1
BL1,2023,14,Werder Bremen,Augsburg,2023-12-09T14:30:00Z,2,0
BL1,2023,14,Heidenheim,SV Darmstadt 98,2023-12-09T14:30:00Z,3,2
BL1,2023,14,Dortmund,Leipzig,2023-12-09T17:30:00Z,2,3
BL1,2023,14,Stuttgart,Leverkusen,2023-12-10T14:30:00Z,1,1
BL1,2023,14,Koln,Mainz,2023-12-10T16:30:00Z,0,0
BL1,2023,15,Gladbach,Werder Bremen,2023-12-15T19:30:00Z,2,2
BL1,2023,15,Mainz,Heidenheim,2023-12-16T14:30:00Z,0,1
BL1,2023,15,Bochum,Union Berlin,2023-12-16T14:30:00Z,3,0
BL1,2023,15,Augsburg,Dortmund,2023-12-16T14:30:00Z,1,1
BL1,2023,15,SV Darmstadt 98,Wolfsburg,2023-12-16T14:30:00Z,0,1
BL1,2023,15,Leipzig,Hoffenheim,2023-12-16T17:30:00Z,3,1
BL1,2023,15,Freiburg,Koln,2023-12-17T14:30:00Z,2,0
BL1,2023,15,Leverkusen,Frankfurt,2023-12-17T16:30:00Z,3,0
BL1,2023,15,Bayern,Stuttgart,2023-12-17T18:30:00Z,3,0
BL1,2023,16,Werder Bremen,Leipzig,2023-12-19T17:30:00Z,1,1
BL1,2023,16,Dortmund,Mainz,2023-12-19T19:30:00Z,1,1
BL1,2023,16,Hoffenheim,SV Darmstadt 98,2023-12-19T19:30:00Z,3,3
BL1,2023,16,Union Berlin,Koln,2023-12-20T17:30:00Z,2,0
BL1,2023,16,Leverkusen,Bochum,2023-12-20T19:30:00Z,4,0
BL1,2023,16,Frankfurt,Gladbach,2023-12-20T19:30:00Z,2,1
BL1,2023,16,Wolfsburg,Bayern,2023-12-20T19:30:00Z,1,2
BL1,2023,16,Stuttgart,Augsburg,2023-12-20T19:30:00Z,3,0
BL1,2023,16,Heidenheim,Freiburg,2023-12-20T19:30:00Z,3,2
BL1,2023,17,Bayern,Hoffenheim,2024-01-12T19:30:00Z,3,0
BL1,2023,17,Leipzig,Frankfurt,2024-01-13T14:30:00Z,0,1
BL1,2023,17,Freiburg,Union Berlin,2024-01-13T14:30:00Z,0,0
BL1,2023,17,Mainz,Wolfsburg,2024-01-13T14:30:00Z,1,1
BL1,2023,17,Koln,Heidenheim,2024-01-13T14:30:00Z,1,1
BL1,2023,17,Augsburg,Leverkusen,2024-01-13T14:30:00Z,0,1
BL1,2023,17,SV Darmstadt 98,Dortmund,2024-01-13T17:30:00Z,0,3
BL1,2023,17,Bochum,Werder Bremen,2024-01-14T14:30:00Z,1,1
BL1,2023,17,Gladbach,Stuttgart,2024-01-14T16:30:00Z,3,1
BL1,2023,18,Koln,Dortmund,2024-01-20T14:30:00Z,0,4
BL1,2023,18,SV Darmstadt 98,Frankfurt,2024-01-20T14:30:00Z,2,2
BL1,2023,18,Heidenheim,Wolfsburg,2024-01-20T14:30:00Z,1,1
BL1,2023,18,Freiburg,Hoffenheim,2024-01-20T14:30:00Z,3,2
BL1,2023,18,Bochum,Stuttgart,2024-01-20T14:30:00Z,1,0
BL1,2023,18,Leipzig,Leverkusen,2024-01-20T17:30:00Z,2,3
BL1,2023,18,Bayern,Werder Bremen,2024-01-21T14:30:00Z,0,1
BL1,2023,18,Gladbach,Augsburg,2024-01-21T16:30:00Z,1,2
BL1,2023,13,Bayern,Union Berlin,2024-01-24T19:30:00Z,1,0
BL1,2023,19,Frankfurt,Mainz,2024-01-26T19:30:00Z,1,0
BL1,2023,19,Augsburg,Bayern,2024-01-27T14:30:00Z,2,3
BL1,2023,19,Stuttgart,Leipzig,2024-01-27T14:30:00Z,5,2
BL1,2023,19,Werder Bremen,Freiburg,2024-01-27T14:30:00Z,3,1
BL1,2023,19,Wolfsburg,Koln,2024-01-27T14:30:00Z,1,1
BL1,2023,19,Hoffenheim,Heidenheim,2024-01-27T14:30:00Z,1,1
BL1,2023,19,Leverkusen,Gladbach,2024-01-27T17:30:00Z,0,0
BL1,2023,19,Union Berlin,SV Darmstadt 98,2024-01-28T14:30:00Z,1,0
BL1,2023,19,Dortmund,Bochum,2024-01-28T16:30:00Z,3,1
BL1,2023,20,Heidenheim,Dortmund,2024-02-02T19:30:00Z,0,0
BL1,2023,20,SV Darmstadt 98,Leverkusen,2024-02-03T14:30:00Z,0,2
BL1,2023,20,Bayern,Gladbach,2024-02-03T14:30:00Z,3,1
BL1,2023,20,Mainz,Werder Bremen,2024-02-03T14:30:00Z,0,1
BL1,2023,20,Bochum,Augsburg,2024-02-03T14:30:00Z,1,1
BL1,2023,20,Freiburg,Stuttgart,2024-02-03T14:30:00Z,1,3
BL1,2023,20,Koln,Frankfurt,2024-02-03T17:30:00Z,2,0
BL1,2023,20,Wolfsburg,Hoffenheim,2024-02-04T14:30:00Z,2,2
BL1,2023,20,Leipzig,Union Berlin,2024-02-04T16:30:00Z,2,0
BL1,2023,18,Mainz,Union Berlin,2024-02-07T17:30:00Z,1,1
BL1,2023,21,Dortmund,Freiburg,2024-02-09T19:30:00Z,3,0
BL1,2023,21,Augsburg,Leipzig,2024-02-10T14:30:00Z,2,2
BL1,2023,21,Union Berlin,Wolfsburg,2024-02-10T14:30:00Z,1,0
BL1,2023,21,Frankfurt,Bochum,2024-02-10T14:30:00Z,1,1
BL1,2023,21,Werder Bremen,Heidenheim,2024-02-10T14:30:00Z,1,2
BL1,2023,21,Gladbach,SV Darmstadt 98,2024-02-10T14:30:00Z,0,0
BL1,2023,21,Leverkusen,Bayern,2024-02-10T17:30:00Z,3,0
BL1,2023,21,Stuttgart,Mainz,2024-02-11T14:30:00Z,3,1
BL1,2023,21,Hoffenheim,Koln,2024-02-11T16:30:00Z,1,1
BL1,2023,22,Koln,Werder Bremen,2024-02-16T19:30:00Z,0,1
BL1,2023,22,Wolfsburg,Dortmund,2024-02-17T14:30:00Z,1,1
BL1,2023,22,Hoffenheim,Union Berlin,2024-02-17T14:30:00Z,0,1
BL1,2023,22,Heidenheim,Leverkusen,2024-02-17T14:30:00Z,1,2
BL1,2023,22,Mainz,Augsburg,2024-02-17T14:30:00Z,1,0
BL1,2023,22,SV Darmstadt 98,Stuttgart,2024-02-17T14:30:00Z,1,2
BL1,2023,22,Leipzig,Gladbach,2024-02-17T17:30:00Z,2,0
BL1,2023,22,Freiburg,Frankfurt,2024-02-18T14:30:00Z,3,3
BL1,2023,22,Bochum,Bayern,2024-02-18T16:30:00Z,3,2
BL1,2023,23,Leverkusen,Mainz,2024-02-23T19:30:00Z,2,1
BL1,2023,23,Stuttgart,Koln,2024-02-24T14:30:00Z,1,1
BL1,2023,23,Union Berlin,Heidenheim,2024-02-24T14:30:00Z,2,2
BL1,2023,23,Werder Bremen,SV Darmstadt 98,2024-02-24T14:30:00Z,1,1
BL1,2023,23,Gladbach,Bochum,2024-02-24T14:40:00Z,5,2
BL1,2023,23,Bayern,Leipzig,2024-02-24T17:30:00Z,2,1
BL1,2023,23,Frankfurt,Wolfsburg,2024-02-25T14:30:00Z,2,2
BL1,2023,23,Dortmund,Hoffenheim,2024-02-25T16:30:00Z,2,3
BL1,2023,23,Augsburg,Freiburg,2024-02-25T18:30:00Z,2,1
BL1,2023,24,Freiburg,Bayern,2024-03-01T19:30:00Z,2,2
BL1,2023,24,Union Berlin,Dortmund,2024-03-02T14:30:00Z,0,2
BL1,2023,24,Bochum,Leipzig,2024-03-02T14:30:00Z,1,4
BL1,2023,24,Heidenheim,Frankfurt,2024-03-02T14:30:00Z,1,2
BL1,2023,24,Mainz,Gladbach,2024-03-02T14:30:00Z,1,1
BL1,2023,24,SV Darmstadt 98,Augsburg,2024-03-02T14:30:00Z,0,6
BL1,2023,24,Wolfsburg,Stuttgart,2024-03-02T17:30:00Z,2,3
BL1,2023,24,Koln,Leverkusen,2024-03-03T14:30:00Z,0,2
BL1,2023,24,Hoffenheim,Werder Bremen,2024-03-03T16:30:00Z,2,1
BL1,2023,25,Stuttgart,Union Berlin,2024-03-08T19:30:00Z,2,0
BL1,2023,25,Bayern,Mainz,2024-03-09T14:30:00Z,8,1
BL1,2023,25,Gladbach,Koln,2024-03-09T14:30:00Z,3,3
BL1,2023,25,Augsburg,Heidenheim,2024-03-09T14:30:00Z,1,0
BL1,2023,25,Leipzig,SV Darmstadt 98,2024-03-09T14:30:00Z,2,0
BL1,2023,25,Werder Bremen,Dortmund,2024-03-09T17:30:00Z,1,2
BL1,2023,25,Bochum,Freiburg,2024-03-10T14:30:00Z,1,2
BL1,2023,25,Frankfurt,Hoffenheim,2024-03-10T16:30:00Z,3,1
BL1,2023,25,Leverkusen,Wolfsburg,2024-03-10T18:30:00Z,2,0
BL1,2023,26,Koln,Leipzig,2024-03-15T19:30:00Z,1,5
BL1,2023,26,SV Darmstadt 98,Bayern,2024-03-16T14:30:00Z,2,5
BL1,2023,26,Heidenheim,Gladbach,2024-03-16T14:30:00Z,1,1
BL1,2023,26,Union Berlin,Werder Bremen,2024-03-16T14:30:00Z,2,1
BL1,2023,26,Mainz,Bochum,2024-03-16T14:30:00Z,2,0
BL1,2023,26,Wolfsburg,Augsburg,2024-03-16T14:30:00Z,1,3
BL1,2023,26,Hoffenheim,Stuttgart,2024-03-16T17:30:00Z,0,3
BL1,2023,26,Freiburg,Leverkusen,2024-03-17T14:30:00Z,2,3
BL1,2023,26,Dortmund,Frankfurt,2024-03-17T16:30:00Z,3,1
BL1,2023,27,Frankfurt,Union Berlin,2024-03-30T14:30:00Z,0,0
BL1,2023,27,Gladbach,Freiburg,2024-03-30T14:30:00Z,0,3
BL1,2023,27,Werder Bremen,Wolfsburg,2024-03-30T14:30:00Z,0,2
BL1,2023,27,Leipzig,Mainz,2024-03-30T14:30:00Z,0,0
BL1,2023,27,Leverkusen,Hoffenheim,2024-03-30T14:30:00Z,2,1
BL1,2023,27,Bayern,Dortmund,2024-03-30T17:30:00Z,0,2
BL1,2023,27,Augsburg,Koln,2024-03-31T13:30:00Z,1,1
BL1,2023,27,Stuttgart,Heidenheim,2024-03-31T15:30:00Z,3,3
BL1,2023,27,Bochum,SV Darmstadt 98,2024-03-31T17:30:00Z,2,2
BL1,2023,28,Frankfurt,Werder Bremen,2024-04-05T18:30:00Z,1,1
BL1,2023,28,Heidenheim,Bayern,2024-04-06T13:30:00Z,3,2
BL1,2023,28,Freiburg,Leipzig,2024-04-06T13:30:00Z,1,4
BL1,2023,28,Union Berlin,Leverkusen,2024-04-06T13:30:00Z,0,1
BL1,2023,28,Koln,Bochum,2024-04-06T13:30:00Z,2,1
BL1,2023,28,Mainz,SV Darmstadt 98,2024-04-06T13:30:00Z,4,0
BL1,2023,28,Dortmund,Stuttgart,2024-04-06T16:30:00Z,0,1
BL1,2023,28,Hoffenheim,Augsburg,2024-04-07T13:30:00Z,3,1
BL1,2023,28,Wolfsburg,Gladbach,2024-04-07T15:30:00Z,1,3
BL1,2023,29,Augsburg,Union Berlin,2024-04-12T18:30:00Z,2,0
BL1,2023,29,Gladbach,Dortmund,2024-04-13T13:30:00Z,1,2
BL1,2023,29,Leipzig,Wolfsburg,2024-04-13T13:30:00Z,3,0
BL1,2023,29,Bayern,Koln,2024-04-13T13:30:00Z,2,0
BL1,2023,29,Mainz,Hoffenheim,2024-04-13T13:30:00Z,4,1
BL1,2023,29,Bochum,Heidenheim,2024-04-13T13:30:00Z,1,1
BL1,2023,29,Stuttgart,Frankfurt,2024-04-13T16:30:00Z,3,0
BL1,2023,29,SV Darmstadt 98,Freiburg,2024-04-14T13:30:00Z,0,1
BL1,2023,29,Leverkusen,Werder Bremen,2024-04-14T15:30:00Z,5,0
BL1,2023,30,Frankfurt,Augsburg,2024-04-19T18:30:00Z,3,1
BL1,2023,30,Heidenheim,Leipzig,2024-04-20T13:30:00Z,1,2
BL1,2023,30,Hoffenheim,Gladbach,2024-04-20T13:30:00Z,4,3
BL1,2023,30,Wolfsburg,Bochum,2024-04-20T13:30:00Z,1,0
BL1,2023,30,Koln,SV Darmstadt 98,2024-04-20T13:30:00Z,0,2
BL1,2023,30,Union Berlin,Bayern,2024-04-20T16:30:00Z,1,5
BL1,2023,30,Werder Bremen,Stuttgart,2024-04-21T13:30:00Z,2,1
BL1,2023,30,Dortmund,Leverkusen,2024-04-21T15:30:00Z,1,1
BL1,2023,30,Freiburg,Mainz,2024-04-21T17:30:00Z,1,1
BL1,2023,31,Bochum,Hoffenheim,2024-04-26T18:30:00Z,3,2
BL1,2023,31,Leipzig,Dortmund,2024-04-27T13:30:00Z,4,1
BL1,2023,31,Bayern,Frankfurt,2024-04-27T13:30:00Z,2,1
BL1,2023,31,Freiburg,Wolfsburg,2024-04-27T13:30:00Z,1,2
BL1,2023,31,Augsburg,Werder Bremen,2024-04-27T13:30:00Z,0,3
BL1,2023,31,Leverkusen,Stuttgart,2024-04-27T16:30:00Z,2,2
BL1,2023,31,Gladbach,Union Berlin,2024-04-28T13:30:00Z,0,0
BL1,2023,31,Mainz,Koln,2024-04-28T15:30:00Z,1,1
BL1,2023,31,SV Darmstadt 98,Heidenheim,2024-04-28T17:30:00Z,0,1
BL1,2023,32,Hoffenheim,Leipzig,2024-05-03T18:30:00Z,1,1
BL1,2023,32,Stuttgart,Bayern,2024-05-04T13:30:00Z,3,1
BL1,2023,32,Werder Bremen,Gladbach,2024-05-04T13:30:00Z,2,2
BL1,2023,32,Dortmund,Augsburg,2024-05-04T13:30:00Z,5,1
BL1,2023,32,Wolfsburg,SV Darmstadt 98,2024-05-04T13:30:00Z,3,0
BL1,2023,32,Koln,Freiburg,2024-05-04T16:30:00Z,0,0
BL1,2023,32,Union Berlin,Bochum,2024-05-05T13:30:00Z,3,4
BL1,2023,32,Frankfurt,Leverkusen,2024-05-05T15:30:00Z,1,5
BL1,2023,32,Heidenheim,Mainz,2024-05-05T17:30:00Z,1,1
BL1,2023,33,Augsburg,Stuttgart,2024-05-10T18:30:00Z,0,1
BL1,2023,33,Koln,Union Berlin,2024-05-11T13:30:00Z,3,2
BL1,2023,33,Gladbach,Frankfurt,2024-05-11T13:30:00Z,1,1
BL1,2023,33,Leipzig,Werder Bremen,2024-05-11T13:30:00Z,1,1
BL1,2023,33,Freiburg,Heidenheim,2024-05-11T13:30:00Z,1,1
BL1,2023,33,Mainz,Dortmund,2024-05-11T16:30:00Z,3,0
BL1,2023,33,SV Darmstadt 98,Hoffenheim,2024-05-12T13:30:00Z,0,6
BL1,2023,33,Bayern,Wolfsburg,2024-05-12T15:30:00Z,2,0
BL1,2023,33,Bochum,Leverkusen,2024-05-12T17:30:00Z,0,5
BL1,2023,34,Hoffenheim,Bayern,2024-05-18T13:30:00Z,4,2
BL1,2023,34,Frankfurt,Leipzig,2024-05-18T13:30:00Z,2,2
BL1,2023,34,Union Berlin,Freiburg,2024-05-18T13:30:00Z,2,1
BL1,2023,34,Wolfsburg,Mainz,2024-05-18T13:30:00Z,1,3
BL1,2023,34,Stuttgart,Gladbach,2024-05-18T13:30:00Z,4,0
BL1,2023,34,Heidenheim,Koln,2024-05-18T13:30:00Z,4,1
BL1,2023,34,Werder Bremen,Bochum,2024-05-18T13:30:00Z,4,1
BL1,2023,34,Leverkusen,Augsburg,2024-05-18T13:30:00Z,2,1
BL1,2023,34,Dortmund,SV Darmstadt 98,2024-05-18T13:30:00Z,4,0
FL1,2024,1,Le Havre,PSG,2024-08-16T18:45:00Z,1,4
FL1,2024,1,Brest,Marseille,2024-08-17T15:00:00Z,1,5
FL1,2024,1,Reims,Lille,2024-08-17T17:00:00Z,0,2
FL1,2024,1,Monaco,Saint-Etienne,2024-08-17T19:00:00Z,1,0
FL1,2024,1,Auxerre,Nice,2024-08-18T13:00:00Z,2,1
FL1,2024,1,Montpellier,Strasbourg,2024-08-18T15:00:00Z,1,1
FL1,2024,1,Toulouse,Nantes,2024-08-18T15:00:00Z,0,0
FL1,2024,1,Angers,Lens,2024-08-18T15:00:00Z,0,1
FL1,2024,1,Rennes,Lyon,2024-08-18T18:45:00Z,3,0
FL1,2024,2,PSG,Montpellier,2024-08-23T18:45:00Z,6,0
FL1,2024,2,Lyon,Monaco,2024-08-24T15:00:00Z,0,2
FL1,2024,2,Lille,Angers,2024-08-24T17:00:00Z,2,0
FL1,2024,2,Saint-Etienne,Le Havre,2024-08-24T19:00:00Z,0,2
FL1,2024,2,Lens,Brest,2024-08-25T13:00:00Z,2,0
FL1,2024,2,Strasbourg,Rennes,2024-08-25T15:00:00Z,3,1
FL1,2024,2,Nantes,Auxerre,2024-08-25T15:00:00Z,2,0
FL1,2024,2,Nice,Toulouse,2024-08-25T15:00:00Z,1,1
FL1,2024,2,Marseille,Reims,2024-08-25T18:45:00Z,2,2
FL1,2024,3,Lyon,Strasbourg,2024-08-30T18:45:00Z,4,3
FL1,2024,3,Brest,Saint-Etienne,2024-08-31T15:00:00Z,4,0
FL1,2024,3,Montpellier,Nantes,2024-08-31T17:00:00Z,1,3
FL1,2024,3,Toulouse,Marseille,2024-08-31T19:00:00Z,1,3
FL1,2024,3,Monaco,Lens,2024-09-01T13:00:00Z,1,1
FL1,2024,3,Angers,Nice,2024-09-01T15:00:00Z,1,4
FL1,2024,3,Le Havre,Auxerre,2024-09-01T15:00:00Z,3,1
FL1,2024,3,Reims,Rennes,2024-09-01T15:00:00Z,2,1
FL1,2024,3,Lille,PSG,2024-09-01T18:45:00Z,1,3
FL1,2024,4,Saint-Etienne,Lille,2024-09-13T18:45:00Z,1,0
FL1,2024,4,Marseille,Nice,2024-09-14T15:00:00Z,2,0
FL1,2024,4,Auxerre,Monaco,2024-09-14T17:00:00Z,0,3
FL1,2024,4,PSG,Brest,2024-09-14T19:00:00Z,3,1
FL1,2024,4,Rennes,Montpellier,2024-09-15T13:00:00Z,3,0
FL1,2024,4,Nantes,Reims,2024-09-15T15:00:00Z,1,2
FL1,2024,4,Toulouse,Le Havre,2024-09-15T15:00:00Z,2,0
FL1,2024,4,Strasbourg,Angers,2024-09-15T15:00:00Z,1,1
FL1,2024,4,Lens,Lyon,2024-09-15T18:45:00Z,0,0
FL1,2024,5,Nice,Saint-Etienne,2024-09-20T18:45:00Z,8,0
FL1,2024,5,Lille,Strasbourg,2024-09-21T15:00:00Z,3,3
FL1,2024,5,Rennes,Lens,2024-09-21T17:00:00Z,1,1
FL1,2024,5,Reims,PSG,2024-09-21T19:00:00Z,1,1
FL1,2024,5,Monaco,Le Havre,2024-09-22T13:00:00Z,3,1
FL1,2024,5,Brest,Toulouse,2024-09-22T15:00:00Z,2,0
FL1,2024,5,Angers,Nantes,2024-09-22T15:00:00Z,1,1
FL1,2024,5,Montpellier,Auxerre,2024-09-22T15:00:00Z,3,2
FL1,2024,5,Lyon,Marseille,2024-09-22T18:45:00Z,2,3
FL1,2024,6,Auxerre,Brest,2024-09-27T17:00:00Z,3,0
FL1,2024,6,PSG,Rennes,2024-09-27T19:00:00Z,3,1
FL1,2024,6,Lens,Nice,2024-09-28T15:00:00Z,0,0
FL1,2024,6,Le Havre,Lille,2024-09-28T17:00:00Z,0,3
FL1,2024,6,Monaco,Montpellier,2024-09-28T19:00:00Z,2,1
FL1,2024,6,Toulouse,Lyon,2024-09-29T13:00:00Z,1,2
FL1,2024,6,Nantes,Saint-Etienne,2024-09-29T15:00:00Z,2,2
FL1,2024,6,Angers,Reims,2024-09-29T15:00:00Z,1,3
FL1,2024,6,Strasbourg,Marseille,2024-09-29T18:45:00Z,1,0
FL1,2024,7,Marseille,Angers,2024-10-04T18:45:00Z,1,1
FL1,2024,7,Saint-Etienne,Auxerre,2024-10-05T15:00:00Z,3,1
FL1,2024,7,Lille,Toulouse,2024-10-05T17:00:00Z,2,1
FL1,2024,7,Rennes,Monaco,2024-10-05T19:00:00Z,1,2
FL1,2024,7,Lyon,Nantes,2024-10-06T13:00:00Z,2,0
FL1,2024,7,Brest,Le Havre,2024-10-06T15:00:00Z,2,0
FL1,2024,7,Strasbourg,Lens,2024-10-06T15:00:00Z,2,2
FL1,2024,7,Reims,Montpellier,2024-10-06T15:00:00Z,4,2
FL1,2024,7,Nice,PSG,2024-10-06T18:45:00Z,1,1
FL1,2024,8,Monaco,Lille,2024-10-18T18:45:00Z,0,0
FL1,2024,8,Brest,Rennes,2024-10-19T15:00:00Z,1,1
FL1,2024,8,Saint-Etienne,Lens,2024-10-19T17:00:00Z,0,2
FL1,2024,8,PSG,Strasbourg,2024-10-19T19:00:00Z,4,2
FL1,2024,8,Le Havre,Lyon,2024-10-20T13:00:00Z,0,4
FL1,2024,8,Auxerre,Reims,2024-10-20T15:00:00Z,2,1
FL1,2024,8,Toulouse,Angers,2024-10-20T15:00:00Z,1,1
FL1,2024,8,Nantes,Nice,2024-10-20T15:00:00Z,1,1
FL1,2024,8,Montpellier,Marseille,2024-10-20T18:45:00Z,0,5
FL1,2024,9,Rennes,Le Havre,2024-10-25T18:45:00Z,1,0
FL1,2024,9,Angers,Saint-Etienne,2024-10-26T15:00:00Z,4,2
FL1,2024,9,Reims,Brest,2024-10-26T17:00:00Z,1,2
FL1,2024,9,Lens,Lille,2024-10-26T19:00:00Z,0,2
FL1,2024,9,Lyon,Auxerre,2024-10-27T14:00:00Z,2,2
FL1,2024,9,Nice,Monaco,2024-10-27T16:00:00Z,2,1
FL1,2024,9,Montpellier,Toulouse,2024-10-27T16:00:00Z,0,3
FL1,2024,9,Strasbourg,Nantes,2024-10-27T16:00:00Z,3,1
FL1,2024,9,Marseille,PSG,2024-10-27T19:45:00Z,0,3
FL1,2024,10,Monaco,Angers,2024-11-01T18:00:00Z,0,1
FL1,2024,10,Lille,Lyon,2024-11-01T20:00:00Z,1,1
FL1,2024,10,PSG,Lens,2024-11-02T16:00:00Z,1,0
FL1,2024,10,Brest,Nice,2024-11-02T18:00:00Z,0,1
FL1,2024,10,Saint-Etienne,Strasbourg,2024-11-02T20:00:00Z,2,0
FL1,2024,10,Toulouse,Reims,2024-11-03T14:00:00Z,1,0
FL1,2024,10,Auxerre,Rennes,2024-11-03T16:00:00Z,4,0
FL1,2024,10,Le Havre,Montpellier,2024-11-03T16:00:00Z,1,0
FL1,2024,10,Nantes,Marseille,2024-11-03T19:45:00Z,1,2
FL1,2024,11,Marseille,Auxerre,2024-11-08T19:45:00Z,1,3
FL1,2024,11,Strasbourg,Monaco,2024-11-09T16:00:00Z,1,3
FL1,2024,11,Lens,Nantes,2024-11-09T18:00:00Z,3,2
FL1,2024,11,Angers,PSG,2024-11-09T20:00:00Z,2,4
FL1,2024,11,Nice,Lille,2024-11-10T14:00:00Z,2,2
FL1,2024,11,Montpellier,Brest,2024-11-10T16:00:00Z,3,1
FL1,2024,11,Le Havre,Reims,2024-11-10T16:00:00Z,0,3
FL1,2024,11,Rennes,Toulouse,2024-11-10T16:00:00Z,0,2
FL1,2024,11,Lyon,Saint-Etienne,2024-11-10T19:45:00Z,1,0
FL1,2024,12,Monaco,Brest,2024-11-22T18:00:00Z,3,2
FL1,2024,12,PSG,Toulouse,2024-11-22T20:00:00Z,3,0
FL1,2024,12,Lens,Marseille,2024-11-23T16:00:00Z,1,3
FL1,2024,12,Saint-Etienne,Montpellier,2024-11-23T18:00:00Z,1,0
FL1,2024,12,Reims,Lyon,2024-11-23T20:00:00Z,1,1
FL1,2024,12,Lille,Rennes,2024-11-24T14:00:00Z,1,0
FL1,2024,12,Nantes,Le Havre,2024-11-24T16:00:00Z,0,2
FL1,2024,12,Auxerre,Angers,2024-11-24T16:00:00Z,1,0
FL1,2024,12,Nice,Strasbourg,2024-11-24T19:45:00Z,2,1
FL1,2024,13,Reims,Lens,2024-11-29T19:45:00Z,0,2
FL1,2024,13,Rennes,Saint-Etienne,2024-11-30T16:00:00Z,5,0
FL1,2024,13,Brest,Strasbourg,2024-11-30T18:00:00Z,3,1
FL1,2024,13,PSG,Nantes,2024-11-30T20:00:00Z,1,1
FL1,2024,13,Montpellier,Lille,2024-12-01T14:00:00Z,2,2
FL1,2024,13,Le Havre,Angers,2024-12-01T16:00:00Z,0,1
FL1,2024,13,Toulouse,Auxerre,2024-12-01T16:00:00Z,2,0
FL1,2024,13,Lyon,Nice,2024-12-01T16:00:00Z,4,1
FL1,2024,13,Marseille,Monaco,2024-12-01T19:45:00Z,2,1
FL1,2024,14,Lille,Brest,2024-12-06T18:00:00Z,3,1
FL1,2024,14,Auxerre,PSG,2024-12-06T20:00:00Z,0,0
FL1,2024,14,Monaco,Toulouse,2024-12-07T16:00:00Z,2,0
FL1,2024,14,Nice,Le Havre,2024-12-07T18:00:00Z,2,1
FL1,2024,14,Angers,Lyon,2024-12-07T20:00:00Z,0,3
FL1,2024,14,Lens,Montpellier,2024-12-08T14:00:00Z,2,0
FL1,2024,14,Strasbourg,Reims,2024-12-08T16:00:00Z,0,0
FL1,2024,14,Nantes,Rennes,2024-12-08T16:00:00Z,1,0
FL1,2024,14,Saint-Etienne,Marseille,2024-12-08T19:45:00Z,0,2
FL1,2024,15,Toulouse,Saint-Etienne,2024-12-13T19:45:00Z,2,1
FL1,2024,15,Marseille,Lille,2024-12-14T16:00:00Z,1,1
FL1,2024,15,Auxerre,Lens,2024-12-14T18:00:00Z,2,2
FL1,2024,15,Reims,Monaco,2024-12-14T20:00:00Z,0,0
FL1,2024,15,Montpellier,Nice,2024-12-15T14:00:00Z,2,2
FL1,2024,15,Rennes,Angers,2024-12-15T16:00:00Z,2,0
FL1,2024,15,Le Havre,Strasbourg,2024-12-15T16:00:00Z,0,3
FL1,2024,15,Brest,Nantes,2024-12-15T16:00:00Z,4,1
FL1,2024,15,PSG,Lyon,2024-12-15T19:45:00Z,3,1
FL1,2024,16,Monaco,PSG,2024-12-18T20:00:00Z,2,4
FL1,2024,16,Nice,Rennes,2025-01-03T20:00:00Z,3,2
FL1,2024,16,Saint-Etienne,Reims,2025-01-04T16:00:00Z,3,1
FL1,2024,16,Lille,Nantes,2025-01-04T18:00:00Z,1,1
FL1,2024,16,Lyon,Montpellier,2025-01-04T20:00:00Z,1,0
FL1,2024,16,Lens,Toulouse,2025-01-05T14:00:00Z,0,1
FL1,2024,16,Angers,Brest,2025-01-05T14:00:00Z,2,0
FL1,2024,16,Strasbourg,Auxerre,2025-01-05T14:00:00Z,3,1
FL1,2024,16,Marseille,Le Havre,2025-01-05T19:45:00Z,5,1
FL1,2024,17,Nantes,Monaco,2025-01-10T18:00:00Z,2,2
FL1,2024,17,Auxerre,Lille,2025-01-10T20:05:00Z,0,0
FL1,2024,17,Brest,Lyon,2025-01-11T16:00:00Z,2,1
FL1,2024,17,Reims,Nice,2025-01-11T18:00:00Z,2,4
FL1,2024,17,Rennes,Marseille,2025-01-11T20:05:00Z,1,2
FL1,2024,17,Le Havre,Lens,2025-01-12T14:00:00Z,1,2
FL1,2024,17,Toulouse,Strasbourg,2025-01-12T16:15:00Z,1,2
FL1,2024,17,Montpellier,Angers,2025-01-12T16:15:00Z,1,3
FL1,2024,17,PSG,Saint-Etienne,2025-01-12T19:45:00Z,2,1
FL1,2024,18,Montpellier,Monaco,2025-01-17T18:00:00Z,2,1
FL1,2024,18,Lille,Nice,2025-01-17T20:05:00Z,2,1
FL1,2024,18,Lens,PSG,2025-01-18T16:00:00Z,1,2
FL1,2024,18,Rennes,Brest,2025-01-18T18:00:00Z,1,2
FL1,2024,18,Lyon,Toulouse,2025-01-18T20:05:00Z,0,0
FL1,2024,18,Saint-Etienne,Nantes,2025-01-19T14:00:00Z,1,1
FL1,2024,18,Reims,Le Havre,2025-01-19T16:15:00Z,1,1
FL1,2024,18,Angers,Auxerre,2025-01-19T16:15:00Z,2,0
FL1,2024,18,Marseille,Strasbourg,2025-01-19T19:45:00Z,1,1
FL1,2024,19,Auxerre,Saint-Etienne,2025-01-24T19:45:00Z,1,1
FL1,2024,19,Monaco,Rennes,2025-01-25T16:00:00Z,3,2
FL1,2024,19,Strasbourg,Lille,2025-01-25T18:00:00Z,2,1
FL1,2024,19,PSG,Reims,2025-01-25T20:05:00Z,1,1
FL1,2024,19,Le Havre,Brest,2025-01-26T14:00:00Z,0,1
FL1,2024,19,Nantes,Lyon,2025-01-26T16:15:00Z,1,1
FL1,2024,19,Toulouse,Montpellier,2025-01-26T16:15:00Z,1,2
FL1,2024,19,Lens,Angers,2025-01-26T16:15:00Z,1,0
FL1,2024,19,Nice,Marseille,2025-01-26T19:45:00Z,2,0
FL1,2024,20,Montpellier,Lens,2025-01-31T19:45:00Z,0,2
FL1,2024,20,Brest,PSG,2025-02-01T16:00:00Z,2,5
FL1,2024,20,Monaco,Auxerre,2025-02-01T18:00:00Z,4,2
FL1,2024,20,Lille,Saint-Etienne,2025-02-01T20:05:00Z,4,1
FL1,2024,20,Toulouse,Nice,2025-02-02T14:00:00Z,1,1
FL1,2024,20,Reims,Nantes,2025-02-02T16:15:00Z,1,2
FL1,2024,20,Angers,Le Havre,2025-02-02T16:15:00Z,1,1
FL1,2024,20,Rennes,Strasbourg,2025-02-02T16:15:00Z,1,0
FL1,2024,20,Marseille,Lyon,2025-02-02T19:45:00Z,3,2
FL1,2024,21,Nantes,Brest,2025-02-07T18:00:00Z,0,2
FL1,2024,21,PSG,Monaco,2025-02-07T20:05:00Z,4,1
FL1,2024,21,Nice,Lens,2025-02-08T16:00:00Z,2,0
FL1,2024,21,Lille,Le Havre,2025-02-08T18:00:00Z,1,2
FL1,2024,21,Saint-Etienne,Rennes,2025-02-08T20:05:00Z,0,2
FL1,2024,21,Lyon,Reims,2025-02-09T14:00:00Z,4,0
FL1,2024,21,Auxerre,Toulouse,2025-02-09T16:15:00Z,2,2
FL1,2024,21,Strasbourg,Montpellier,2025-02-09T16:15:00Z,2,0
FL1,2024,21,Angers,Marseille,2025-02-09T19:45:00Z,0,2
FL1,2024,22,Brest,Auxerre,2025-02-14T19:45:00Z,2,2
FL1,2024,22,Marseille,Saint-Etienne,2025-02-15T16:00:00Z,5,1
FL1,2024,22,Monaco,Nantes,2025-02-15T18:00:00Z,7,1
FL1,2024,22,Toulouse,PSG,2025-02-15T20:05:00Z,0,1
FL1,2024,22,Montpellier,Lyon,2025-02-16T14:00:00Z,1,4
FL1,2024,22,Lens,Strasbourg,2025-02-16T16:15:00Z,0,2
FL1,2024,22,Reims,Angers,2025-02-16T16:15:00Z,0,1
FL1,2024,22,Le Havre,Nice,2025-02-16T16:15:00Z,1,3
FL1,2024,22,Rennes,Lille,2025-02-16T19:45:00Z,0,2
FL1,2024,23,Rennes,Reims,2025-02-21T19:45:00Z,1,0
FL1,2024,23,Lille,Monaco,2025-02-22T16:00:00Z,2,1
FL1,2024,23,Saint-Etienne,Angers,2025-02-22T18:00:00Z,3,3
FL1,2024,23,Auxerre,Marseille,2025-02-22T20:05:00Z,3,0
FL1,2024,23,Nantes,Lens,2025-02-23T14:00:00Z,3,1
FL1,2024,23,Le Havre,Toulouse,2025-02-23T16:15:00Z,1,4
FL1,2024,23,Strasbourg,Brest,2025-02-23T16:15:00Z,0,0
FL1,2024,23,Nice,Montpellier,2025-02-23T16:15:00Z,2,0
FL1,2024,23,Lyon,PSG,2025-02-23T19:45:00Z,2,3
FL1,2024,24,Monaco,Reims,2025-02-28T19:45:00Z,3,0
FL1,2024,24,Saint-Etienne,Nice,2025-03-01T16:00:00Z,1,3
FL1,2024,24,Lens,Le Havre,2025-03-01T18:00:00Z,3,4
FL1,2024,24,PSG,Lille,2025-03-01T20:05:00Z,4,1
FL1,2024,24,Lyon,Brest,2025-03-02T14:00:00Z,2,1
FL1,2024,24,Montpellier,Rennes,2025-03-02T16:15:00Z,0,4
FL1,2024,24,Auxerre,Strasbourg,2025-03-02T16:15:00Z,0,1
FL1,2024,24,Angers,Toulouse,2025-03-02T16:15:00Z,0,4
FL1,2024,24,Marseille,Nantes,2025-03-02T19:45:00Z,2,0
FL1,2024,25,Toulouse,Monaco,2025-03-07T19:45:00Z,1,1
FL1,2024,25,Rennes,PSG,2025-03-08T16:00:00Z,1,4
FL1,2024,25,Lille,Montpellier,2025-03-08T18:00:00Z,1,0
FL1,2024,25,Marseille,Lens,2025-03-08T20:05:00Z,0,1
FL1,2024,25,Brest,Angers,2025-03-09T14:00:00Z,2,0
FL1,2024,25,Le Havre,Saint-Etienne,2025-03-09T16:15:00Z,1,1
FL1,2024,25,Reims,Auxerre,2025-03-09T16:15:00Z,0,2
FL1,2024,25,Nantes,Strasbourg,2025-03-09T16:15:00Z,0,1
FL1,2024,25,Nice,Lyon,2025-03-09T19:45:00Z,0,2
FL1,2024,26,Nice,Auxerre,2025-03-14T19:45:00Z,1,1
FL1,2024,26,Nantes,Lille,2025-03-15T16:00:00Z,1,0
FL1,2024,26,Angers,Monaco,2025-03-15T18:00:00Z,0,2
FL1,2024,26,Lens,Rennes,2025-03-15T20:05:00Z,1,0
FL1,2024,26,Lyon,Le Havre,2025-03-16T14:00:00Z,4,2
FL1,2024,26,Brest,Reims,2025-03-16T16:15:00Z,0,0
FL1,2024,26,Strasbourg,Toulouse,2025-03-16T16:15:00Z,2,1
FL1,2024,26,PSG,Marseille,2025-03-16T19:45:00Z,3,1
FL1,2024,27,Strasbourg,Lyon,2025-03-28T19:45:00Z,4,2
FL1,2024,27,Reims,Marseille,2025-03-29T16:00:00Z,3,1
FL1,2024,27,Saint-Etienne,PSG,2025-03-29T18:00:00Z,1,6
FL1,2024,27,Monaco,Nice,2025-03-29T20:05:00Z,2,1
FL1,2024,27,Toulouse,Brest,2025-03-30T13:00:00Z,2,4
FL1,2024,27,Angers,Rennes,2025-03-30T15:15:00Z,0,3
FL1,2024,27,Auxerre,Montpellier,2025-03-30T15:15:00Z,1,0
FL1,2024,27,Le Havre,Nantes,2025-03-30T15:15:00Z,3,2
FL1,2024,27,Lille,Lens,2025-03-30T18:45:00Z,1,0
FL1,2024,28,Nice,Nantes,2025-04-04T18:45:00Z,1,2
FL1,2024,28,PSG,Angers,2025-04-05T15:00:00Z,1,0
FL1,2024,28,Brest,Monaco,2025-04-05T17:00:00Z,2,1
FL1,2024,28,Lyon,Lille,2025-04-05T19:05:00Z,2,1
FL1,2024,28,Lens,Saint-Etienne,2025-04-06T13:00:00Z,1,0
FL1,2024,28,Montpellier,Le Havre,2025-04-06T15:15:00Z,0,2
FL1,2024,28,Reims,Strasbourg,2025-04-06T15:15:00Z,0,1
FL1,2024,28,Rennes,Auxerre,2025-04-06T15:15:00Z,0,1
FL1,2024,28,Marseille,Toulouse,2025-04-06T18:45:00Z,3,2
FL1,2024,29,Lens,Reims,2025-04-11T18:45:00Z,0,2
FL1,2024,29,Monaco,Marseille,2025-04-12T15:00:00Z,3,0
FL1,2024,29,Toulouse,Lille,2025-04-12T17:00:00Z,1,2
FL1,2024,29,Strasbourg,Nice,2025-04-12T19:05:00Z,2,2
FL1,2024,29,Saint-Etienne,Brest,2025-04-13T13:00:00Z,3,3
FL1,2024,29,Le Havre,Rennes,2025-04-13T15:15:00Z,1,5
FL1,2024,29,Angers,Montpellier,2025-04-13T15:15:00Z,2,0
FL1,2024,29,Auxerre,Lyon,2025-04-13T18:45:00Z,1,3
FL1,2024,30,Rennes,Nantes,2025-04-18T18:45:00Z,2,1
FL1,2024,30,PSG,Le Havre,2025-04-19T15:00:00Z,2,1
FL1,2024,30,Monaco,Strasbourg,2025-04-19T17:00:00Z,0,0
FL1,2024,30,Marseille,Montpellier,2025-04-19T19:05:00Z,5,1
FL1,2024,30,Lille,Auxerre,2025-04-20T13:00:00Z,3,1
FL1,2024,30,Nice,Angers,2025-04-20T15:15:00Z,2,1
FL1,2024,30,Brest,Lens,2025-04-20T15:15:00Z,1,3
FL1,2024,30,Reims,Toulouse,2025-04-20T15:15:00Z,1,0
FL1,2024,30,Saint-Etienne,Lyon,2025-04-20T18:45:00Z,2,1
FL1,2024,29,Nantes,PSG,2025-04-22T18:45:00Z,1,1
FL1,2024,31,PSG,Nice,2025-04-25T18:45:00Z,1,3
FL1,2024,31,Strasbourg,Saint-Etienne,2025-04-26T15:00:00Z,3,1
FL1,2024,31,Le Havre,Monaco,2025-04-26T17:00:00Z,1,1
FL1,2024,31,Lyon,Rennes,2025-04-26T19:05:00Z,4,1
FL1,2024,31,Angers,Lille,2025-04-27T13:00:00Z,0,2
FL1,2024,31,Nantes,Toulouse,2025-04-27T15:15:00Z,0,0
FL1,2024,31,Montpellier,Reims,2025-04-27T15:15:00Z,0,0
FL1,2024,31,Lens,Auxerre,2025-04-27T15:15:00Z,0,4
FL1,2024,31,Marseille,Brest,2025-04-27T18:45:00Z,4,1
FL1,2024,32,Nice,Reims,2025-05-02T18:45:00Z,1,0
FL1,2024,32,Strasbourg,PSG,2025-05-03T15:00:00Z,2,1
FL1,2024,32,Toulouse,Rennes,2025-05-03T17:00:00Z,2,1
FL1,2024,32,Saint-Etienne,Monaco,2025-05-03T19:05:00Z,1,3
FL1,2024,32,Nantes,Angers,2025-05-04T13:00:00Z,0,1
FL1,2024,32,Lyon,Lens,2025-05-04T15:15:00Z,1,2
FL1,2024,32,Brest,Montpellier,2025-05-04T15:15:00Z,1,0
FL1,2024,32,Auxerre,Le Havre,2025-05-04T15:15:00Z,1,2
FL1,2024,32,Lille,Marseille,2025-05-04T18:45:00Z,1,1
FL1,2024,33,Reims,Saint-Etienne,2025-05-10T19:00:00Z,0,2
FL1,2024,33,Auxerre,Nantes,2025-05-10T19:00:00Z,1,1
FL1,2024,33,Angers,Strasbourg,2025-05-10T19:00:00Z,2,1
FL1,2024,33,Le Havre,Marseille,2025-05-10T19:00:00Z,1,3
FL1,2024,33,Rennes,Nice,2025-05-10T19:00:00Z,2,0
FL1,2024,33,Montpellier,PSG,2025-05-10T19:00:00Z,1,4
FL1,2024,33,Toulouse,Lens,2025-05-10T19:00:00Z,1,1
FL1,2024,33,Brest,Lille,2025-05-10T19:00:00Z,2,0
FL1,2024,33,Monaco,Lyon,2025-05-10T19:00:00Z,2,0
FL1,2024,34,Marseille,Rennes,2025-05-17T19:00:00Z,4,2
FL1,2024,34,Lyon,Angers,2025-05-17T19:00:00Z,2,0
FL1,2024,34,Nice,Brest,2025-05-17T19:00:00Z,6,0
FL1,2024,34,Saint-Etienne,Toulouse,2025-05-17T19:00:00Z,2,3
FL1,2024,34,Lille,Reims,2025-05-17T19:00:00Z,2,1
FL1,2024,34,Strasbourg,Le Havre,2025-05-17T19:00:00Z,2,3
FL1,2024,34,Nantes,Montpellier,2025-05-17T19:00:00Z,3,0
FL1,2024,34,Lens,Monaco,2025-05-17T19:00:00Z,4,0
FL1,2024,34,PSG,Auxerre,2025-05-17T19:00:00Z,3,1
FL1,2023,1,Nice,Lille,2023-08-11T19:00:00Z,1,1
FL1,2023,1,Marseille,Reims,2023-08-12T15:00:00Z,2,1
FL1,2023,1,PSG,Lorient,2023-08-12T19:00:00Z,0,0
FL1,2023,1,Brest,Lens,2023-08-13T11:00:00Z,3,2
FL1,2023,1,Clermont Foot 63,Monaco,2023-08-13T13:00:00Z,2,4
FL1,2023,1,Nantes,Toulouse,2023-08-13T13:00:00Z,1,2
FL1,2023,1,Montpellier,Le Havre,2023-08-13T13:00:00Z,2,2
FL1,2023,1,Rennes,Metz,2023-08-13T15:05:00Z,5,1
FL1,2023,1,Strasbourg,Lyon,2023-08-13T18:45:00Z,2,1
FL1,2023,2,Metz,Marseille,2023-08-18T19:00:00Z,2,2
FL1,2023,2,Lyon,Montpellier,2023-08-19T17:00:00Z,1,4
FL1,2023,2,Toulouse,PSG,2023-08-19T19:00:00Z,1,1
FL1,2023,2,Lille,Nantes,2023-08-20T11:00:00Z,2,0
FL1,2023,2,Le Havre,Brest,2023-08-20T13:00:00Z,1,2
FL1,2023,2,Lorient,Nice,2023-08-20T13:00:00Z,1,1
FL1,2023,2,Reims,Clermont Foot 63,2023-08-20T13:00:00Z,2,0
FL1,2023,2,Monaco,Strasbourg,2023-08-20T17:00:00Z,3,0
FL1,2023,2,Lens,Rennes,2023-08-20T18:45:00Z,1,1
FL1,2023,3,Nantes,Monaco,2023-08-25T19:00:00Z,3,3
FL1,2023,3,Marseille,Brest,2023-08-26T17:00:00Z,2,0
FL1,2023,3,PSG,Lens,2023-08-26T19:00:00Z,3,1
FL1,2023,3,Rennes,Le Havre,2023-08-27T11:00:00Z,2,2
FL1,2023,3,Clermont Foot 63,Metz,2023-08-27T13:00:00Z,0,1
FL1,2023,3,Montpellier,Reims,2023-08-27T13:00:00Z,1,3
FL1,2023,3,Strasbourg,Toulouse,2023-08-27T13:00:00Z,2,0
FL1,2023,3,Lorient,Lille,2023-08-27T15:05:00Z,4,1
FL1,2023,3,Nice,Lyon,2023-08-27T18:45:00Z,0,0
FL1,2023,4,Nantes,Marseille,2023-09-01T19:00:00Z,1,1
FL1,2023,4,Brest,Rennes,2023-09-02T15:00:00Z,0,0
FL1,2023,4,Monaco,Lens,2023-09-02T19:00:00Z,3,0
FL1,2023,4,Toulouse,Clermont Foot 63,2023-09-03T11:00:00Z,2,2
FL1,2023,4,Le Havre,Lorient,2023-09-03T13:00:00Z,3,0
FL1,2023,4,Metz,Reims,2023-09-03T13:00:00Z,2,2
FL1,2023,4,Lille,Montpellier,2023-09-03T13:00:00Z,1,0
FL1,2023,4,Nice,Strasbourg,2023-09-03T15:05:00Z,2,0
FL1,2023,4,Lyon,PSG,2023-09-03T18:45:00Z,1,4
FL1,2023,5,PSG,Nice,2023-09-15T19:00:00Z,2,3
FL1,2023,5,Rennes,Lille,2023-09-16T15:00:00Z,2,2
FL1,2023,5,Lens,Metz,2023-09-16T19:00:00Z,0,1
FL1,2023,5,Lorient,Monaco,2023-09-17T11:00:00Z,2,2
FL1,2023,5,Clermont Foot 63,Nantes,2023-09-17T13:00:00Z,0,1
FL1,2023,5,Strasbourg,Montpellier,2023-09-17T13:00:00Z,2,2
FL1,2023,5,Reims,Brest,2023-09-17T13:00:00Z,1,2
FL1,2023,5,Marseille,Toulouse,2023-09-17T15:05:00Z,0,0
FL1,2023,5,Lyon,Le Havre,2023-09-17T18:45:00Z,0,0
FL1,2023,6,Monaco,Nice,2023-09-22T19:00:00Z,0,1
FL1,2023,6,Nantes,Lorient,2023-09-23T15:00:00Z,5,3
FL1,2023,6,Brest,Lyon,2023-09-23T19:00:00Z,1,0
FL1,2023,6,Metz,Strasbourg,2023-09-24T11:00:00Z,0,1
FL1,2023,6,Le Havre,Clermont Foot 63,2023-09-24T13:00:00Z,2,1
FL1,2023,6,Lens,Toulouse,2023-09-24T13:00:00Z,2,1
FL1,2023,6,Montpellier,Rennes,2023-09-24T15:05:00Z,0,0
FL1,2023,6,PSG,Marseille,2023-09-24T18:45:00Z,4,0
FL1,2023,6,Lille,Reims,2023-09-26T19:00:00Z,1,2
FL1,2023,7,Strasbourg,Lens,2023-09-29T19:00:00Z,0,1
FL1,2023,7,Clermont Foot 63,PSG,2023-09-30T15:00:00Z,0,0
FL1,2023,7,Monaco,Marseille,2023-09-30T19:00:00Z,3,2
FL1,2023,7,Reims,Lyon,2023-10-01T11:00:00Z,2,0
FL1,2023,7,Le Havre,Lille,2023-10-01T13:00:00Z,0,2
FL1,2023,7,Toulouse,Metz,2023-10-01T13:00:00Z,3,0
FL1,2023,7,Nice,Brest,2023-10-01T13:00:00Z,0,0
FL1,2023,7,Lorient,Montpellier,2023-10-01T15:05:00Z,0,3
FL1,2023,7,Rennes,Nantes,2023-10-01T18:45:00Z,3,1
FL1,2023,8,Strasbourg,Nantes,2023-10-06T19:00:00Z,1,2
FL1,2023,8,Metz,Nice,2023-10-07T15:00:00Z,0,1
FL1,2023,8,Reims,Monaco,2023-10-07T19:00:00Z,1,3
FL1,2023,8,Marseille,Le Havre,2023-10-08T11:00:00Z,3,0
FL1,2023,8,Lyon,Lorient,2023-10-08T13:00:00Z,3,3
FL1,2023,8,Brest,Toulouse,2023-10-08T13:00:00Z,1,1
FL1,2023,8,Lens,Lille,2023-10-08T15:05:00Z,1,1
FL1,2023,8,Rennes,PSG,2023-10-08T19:00:00Z,1,3
FL1,2023,9,Le Havre,Lens,2023-10-20T19:00:00Z,0,0
FL1,2023,9,PSG,Strasbourg,2023-10-21T15:00:00Z,3,0
FL1,2023,9,Nice,Marseille,2023-10-21T19:00:00Z,1,0
FL1,2023,9,Lorient,Rennes,2023-10-22T11:00:00Z,2,1
FL1,2023,9,Nantes,Montpellier,2023-10-22T13:00:00Z,2,0
FL1,2023,9,Toulouse,Reims,2023-10-22T13:00:00Z,1,1
FL1,2023,9,Lille,Brest,2023-10-22T13:00:00Z,1,0
FL1,2023,9,Monaco,Metz,2023-10-22T15:05:00Z,2,1
FL1,2023,9,Lyon,Clermont Foot 63,2023-10-22T18:45:00Z,1,2
FL1,2023,10,Clermont Foot 63,Nice,2023-10-27T19:00:00Z,0,1
FL1,2023,10,Reims,Lorient,2023-10-28T15:00:00Z,1,0
FL1,2023,10,Lens,Nantes,2023-10-28T19:00:00Z,4,0
FL1,2023,10,Brest,PSG,2023-10-29T12:00:00Z,2,3
FL1,2023,10,Metz,Le Havre,2023-10-29T14:00:00Z,0,0
FL1,2023,10,Montpellier,Toulouse,2023-10-29T14:00:00Z,3,0
FL1,2023,10,Lille,Monaco,2023-10-29T14:00:00Z,2,0
FL1,2023,10,Rennes,Strasbourg,2023-10-29T16:05:00Z,1,1
FL1,2023,11,PSG,Montpellier,2023-11-03T20:00:00Z,3,0
FL1,2023,11,Lorient,Lens,2023-11-04T16:00:00Z,0,0
FL1,2023,11,Marseille,Lille,2023-11-04T20:00:00Z,0,0
FL1,2023,11,Lyon,Metz,2023-11-05T12:00:00Z,1,1
FL1,2023,11,Nantes,Reims,2023-11-05T14:00:00Z,0,1
FL1,2023,11,Toulouse,Le Havre,2023-11-05T14:00:00Z,1,2
FL1,2023,11,Strasbourg,Clermont Foot 63,2023-11-05T14:00:00Z,0,0
FL1,2023,11,Monaco,Brest,2023-11-05T16:05:00Z,2,0
FL1,2023,11,Nice,Rennes,2023-11-05T19:45:00Z,2,0
FL1,2023,12,Montpellier,Nice,2023-11-10T20:00:00Z,0,0
FL1,2023,12,Reims,PSG,2023-11-11T16:00:00Z,0,3
FL1,2023,12,Le Havre,Monaco,2023-11-11T20:00:00Z,0,0
FL1,2023,12,Clermont Foot 63,Lorient,2023-11-12T14:00:00Z,1,0
FL1,2023,12,Metz,Nantes,2023-11-12T14:00:00Z,3,1
FL1,2023,12,Lille,Toulouse,2023-11-12T14:00:00Z,1,1
FL1,2023,12,Rennes,Lyon,2023-11-12T16:05:00Z,0,1
FL1,2023,12,Lens,Marseille,2023-11-12T19:45:00Z,1,0
FL1,2023,13,PSG,Monaco,2023-11-24T20:00:00Z,5,2
FL1,2023,13,Clermont Foot 63,Lens,2023-11-25T16:00:00Z,0,3
FL1,2023,13,Strasbourg,Marseille,2023-11-25T20:00:00Z,1,1
FL1,2023,13,Nice,Toulouse,2023-11-26T12:00:00Z,1,0
FL1,2023,13,Lorient,Metz,2023-11-26T14:00:00Z,2,3
FL1,2023,13,Nantes,Le Havre,2023-11-26T14:00:00Z,0,0
FL1,2023,13,Montpellier,Brest,2023-11-26T14:00:00Z,1,3
FL1,2023,13,Rennes,Reims,2023-11-26T16:05:00Z,3,1
FL1,2023,13,Lyon,Lille,2023-11-26T19:45:00Z,0,2
FL1,2023,8,Montpellier,Clermont Foot 63,2023-11-29T18:00:00Z,1,1
FL1,2023,14,Reims,Strasbourg,2023-12-01T20:00:00Z,2,1
FL1,2023,14,Lens,Lyon,2023-12-02T16:00:00Z,3,2
FL1,2023,14,Nantes,Nice,2023-12-02T20:00:00Z,1,0
FL1,2023,14,Le Havre,PSG,2023-12-03T12:00:00Z,0,2
FL1,2023,14,Monaco,Montpellier,2023-12-03T14:00:00Z,2,0
FL1,2023,14,Toulouse,Lorient,2023-12-03T14:00:00Z,1,1
FL1,2023,14,Brest,Clermont Foot 63,2023-12-03T14:00:00Z,3,0
FL1,2023,14,Lille,Metz,2023-12-03T16:05:00Z,2,0
FL1,2023,14,Marseille,Rennes,2023-12-03T19:45:00Z,2,0
FL1,2023,10,Marseille,Lyon,2023-12-06T20:00:00Z,3,0
FL1,2023,12,Brest,Strasbourg,2023-12-07T19:30:00Z,1,1
FL1,2023,15,Montpellier,Lens,2023-12-08T20:00:00Z,0,0
FL1,2023,15,Rennes,Monaco,2023-12-09T16:00:00Z,1,2
FL1,2023,15,PSG,Nantes,2023-12-09T20:00:00Z,2,1
FL1,2023,15,Nice,Reims,2023-12-10T12:00:00Z,2,1
FL1,2023,15,Clermont Foot 63,Lille,2023-12-10T14:00:00Z,0,0
FL1,2023,15,Metz,Brest,2023-12-10T14:00:00Z,0,1
FL1,2023,15,Strasbourg,Le Havre,2023-12-10T14:00:00Z,2,1
FL1,2023,15,Lyon,Toulouse,2023-12-10T16:05:00Z,3,0
FL1,2023,15,Lorient,Marseille,2023-12-10T19:45:00Z,2,4
FL1,2023,16,Monaco,Lyon,2023-12-15T20:00:00Z,0,1
FL1,2023,16,Le Havre,Nice,2023-12-16T16:00:00Z,3,1
FL1,2023,16,Lens,Reims,2023-12-16T20:00:00Z,2,0
FL1,2023,16,Nantes,Brest,2023-12-17T12:00:00Z,0,2
FL1,2023,16,Lorient,Strasbourg,2023-12-17T14:00:00Z,1,2
FL1,2023,16,Metz,Montpellier,2023-12-17T14:00:00Z,0,1
FL1,2023,16,Toulouse,Rennes,2023-12-17T14:00:00Z,0,0
FL1,2023,16,Marseille,Clermont Foot 63,2023-12-17T16:05:00Z,2,1
FL1,2023,16,Lille,PSG,2023-12-17T19:45:00Z,1,1
FL1,2023,17,Clermont Foot 63,Rennes,2023-12-20T20:00:00Z,1,3
FL1,2023,17,Toulouse,Monaco,2023-12-20T20:00:00Z,1,2
FL1,2023,17,Montpellier,Marseille,2023-12-20T20:00:00Z,1,1
FL1,2023,17,Nice,Lens,2023-12-20T20:00:00Z,2,0
FL1,2023,17,Lyon,Nantes,2023-12-20T20:00:00Z,1,0
FL1,2023,17,PSG,Metz,2023-12-20T20:00:00Z,3,1
FL1,2023,17,Strasbourg,Lille,2023-12-20T20:00:00Z,2,1
FL1,2023,17,Brest,Lorient,2023-12-20T20:00:00Z,4,0
FL1,2023,17,Reims,Le Havre,2023-12-20T20:00:00Z,1,0
FL1,2023,18,Marseille,Strasbourg,2024-01-12T20:00:00Z,1,1
FL1,2023,18,Monaco,Reims,2024-01-13T16:00:00Z,1,3
FL1,2023,18,Rennes,Nice,2024-01-13T20:00:00Z,2,0
FL1,2023,18,Lille,Lorient,2024-01-14T12:00:00Z,3,0
FL1,2023,18,Metz,Toulouse,2024-01-14T14:00:00Z,0,1
FL1,2023,18,Nantes,Clermont Foot 63,2024-01-14T14:00:00Z,1,2
FL1,2023,18,Brest,Montpellier,2024-01-14T14:00:00Z,2,0
FL1,2023,18,Le Havre,Lyon,2024-01-14T16:05:00Z,3,1
FL1,2023,18,Lens,PSG,2024-01-14T19:45:00Z,0,2
FL1,2023,19,Lyon,Rennes,2024-01-26T20:00:00Z,2,3
FL1,2023,19,Nice,Metz,2024-01-27T16:00:00Z,1,0
FL1,2023,19,Marseille,Monaco,2024-01-27T20:00:00Z,2,2
FL1,2023,19,Montpellier,Lille,2024-01-28T12:00:00Z,0,0
FL1,2023,19,Clermont Foot 63,Strasbourg,2024-01-28T14:00:00Z,1,1
FL1,2023,19,Lorient,Le Havre,2024-01-28T14:00:00Z,3,3
FL1,2023,19,Reims,Nantes,2024-01-28T14:00:00Z,0,0
FL1,2023,19,Toulouse,Lens,2024-01-28T16:05:00Z,0,2
FL1,2023,19,PSG,Brest,2024-01-28T19:45:00Z,2,2
FL1,2023,20,Strasbourg,PSG,2024-02-02T20:00:00Z,1,2
FL1,2023,20,Rennes,Montpellier,2024-02-03T16:00:00Z,2,1
FL1,2023,20,Nantes,Lens,2024-02-03T20:00:00Z,0,1
FL1,2023,20,Monaco,Le Havre,2024-02-04T12:00:00Z,1,1
FL1,2023,20,Lille,Clermont Foot 63,2024-02-04T14:00:00Z,4,0
FL1,2023,20,Reims,Toulouse,2024-02-04T14:00:00Z,2,3
FL1,2023,20,Metz,Lorient,2024-02-04T14:00:00Z,1,2
FL1,2023,20,Brest,Nice,2024-02-04T16:05:00Z,0,0
FL1,2023,20,Lyon,Marseille,2024-02-04T19:45:00Z,1,0
FL1,2023,21,Marseille,Metz,2024-02-09T20:00:00Z,1,1
FL1,2023,21,Lens,Strasbourg,2024-02-10T16:00:00Z,3,1
FL1,2023,21,PSG,Lille,2024-02-10T20:00:00Z,3,1
FL1,2023,21,Le Havre,Rennes,2024-02-11T12:00:00Z,0,1
FL1,2023,21,Clermont Foot 63,Brest,2024-02-11T14:00:00Z,1,1
FL1,2023,21,Lorient,Reims,2024-02-11T14:00:00Z,2,0
FL1,2023,21,Toulouse,Nantes,2024-02-11T14:00:00Z,1,2
FL1,2023,21,Montpellier,Lyon,2024-02-11T16:05:00Z,1,2
FL1,2023,21,Nice,Monaco,2024-02-11T19:45:00Z,2,3
FL1,2023,22,Lyon,Nice,2024-02-16T20:00:00Z,1,0
FL1,2023,22,Lille,Le Havre,2024-02-17T16:00:00Z,3,0
FL1,2023,22,Nantes,PSG,2024-02-17T20:00:00Z,0,2
FL1,2023,22,Strasbourg,Lorient,2024-02-18T12:00:00Z,1,3
FL1,2023,22,Monaco,Toulouse,2024-02-18T14:00:00Z,1,2
FL1,2023,22,Montpellier,Metz,2024-02-18T14:00:00Z,3,0
FL1,2023,22,Rennes,Clermont Foot 63,2024-02-18T14:00:00Z,3,1
FL1,2023,22,Reims,Lens,2024-02-18T16:05:00Z,1,1
FL1,2023,22,Brest,Marseille,2024-02-18T19:45:00Z,1,0
FL1,2023,23,Metz,Lyon,2024-02-23T20:00:00Z,1,2
FL1,2023,23,Lorient,Nantes,2024-02-24T16:00:00Z,0,1
FL1,2023,23,Strasbourg,Brest,2024-02-24T20:00:00Z,0,3
FL1,2023,23,Lens,Monaco,2024-02-25T12:00:00Z,2,3
FL1,2023,23,Le Havre,Reims,2024-02-25T14:00:00Z,1,2
FL1,2023,23,Toulouse,Lille,2024-02-25T14:00:00Z,3,1
FL1,2023,23,Nice,Clermont Foot 63,2024-02-25T14:00:00Z,0,0
FL1,2023,23,PSG,Rennes,2024-02-25T16:05:00Z,1,1
FL1,2023,23,Marseille,Montpellier,2024-02-25T19:45:00Z,4,1
FL1,2023,24,Monaco,PSG,2024-03-01T20:00:00Z,0,0
FL1,2023,24,Reims,Lille,2024-03-02T16:00:00Z,0,1
FL1,2023,24,Clermont Foot 63,Marseille,2024-03-02T20:00:00Z,1,5
FL1,2023,24,Toulouse,Nice,2024-03-03T12:00:00Z,2,1
FL1,2023,24,Nantes,Metz,2024-03-03T14:00:00Z,0,2
FL1,2023,24,Montpellier,Strasbourg,2024-03-03T14:00:00Z,2,2
FL1,2023,24,Brest,Le Havre,2024-03-03T14:00:00Z,1,0
FL1,2023,24,Rennes,Lorient,2024-03-03T16:05:00Z,1,2
FL1,2023,24,Lyon,Lens,2024-03-03T19:45:00Z,0,3
FL1,2023,25,Nice,Montpellier,2024-03-08T20:00:00Z,1,2
FL1,2023,25,Lorient,Lyon,2024-03-09T16:00:00Z,0,2
FL1,2023,25,Lens,Brest,2024-03-09T20:00:00Z,1,0
FL1,2023,25,PSG,Reims,2024-03-10T12:00:00Z,2,2
FL1,2023,25,Le Havre,Toulouse,2024-03-10T14:00:00Z,1,0
FL1,2023,25,Metz,Clermont Foot 63,2024-03-10T14:00:00Z,1,0
FL1,2023,25,Strasbourg,Monaco,2024-03-10T14:00:00Z,0,1
FL1,2023,25,Lille,Rennes,2024-03-10T16:00:00Z,2,2
FL1,2023,25,Marseille,Nantes,2024-03-10T19:45:00Z,2,0
FL1,2023,26,Toulouse,Lyon,2024-03-15T20:00:00Z,2,3
FL1,2023,26,Nantes,Strasbourg,2024-03-16T16:00:00Z,1,3
FL1,2023,26,Lens,Nice,2024-03-16T20:00:00Z,1,3
FL1,2023,26,Brest,Lille,2024-03-17T12:00:00Z,1,1
FL1,2023,26,Monaco,Lorient,2024-03-17T14:00:00Z,2,2
FL1,2023,26,Clermont Foot 63,Le Havre,2024-03-17T14:00:00Z,2,1
FL1,2023,26,Reims,Metz,2024-03-17T14:00:00Z,2,1
FL1,2023,26,Rennes,Marseille,2024-03-17T16:05:00Z,2,0
FL1,2023,26,Montpellier,PSG,2024-03-17T19:45:00Z,2,6
FL1,2023,27,Lille,Lens,2024-03-29T20:00:00Z,2,1
FL1,2023,27,Metz,Monaco,2024-03-30T16:00:00Z,2,5
FL1,2023,27,Lyon,Reims,2024-03-30T20:00:00Z,1,1
FL1,2023,27,Lorient,Brest,2024-03-31T11:00:00Z,0,1
FL1,2023,27,Le Havre,Montpellier,2024-03-31T13:00:00Z,0,2
FL1,2023,27,Clermont Foot 63,Toulouse,2024-03-31T13:00:00Z,0,3
FL1,2023,27,Nice,Nantes,2024-03-31T13:00:00Z,1,2
FL1,2023,27,Strasbourg,Rennes,2024-03-31T15:05:00Z,2,0
FL1,2023,27,Marseille,PSG,2024-03-31T18:45:00Z,0,2
FL1,2023,28,Lille,Marseille,2024-04-05T19:00:00Z,3,1
FL1,2023,28,Lens,Le Havre,2024-04-06T15:00:00Z,1,1
FL1,2023,28,PSG,Clermont Foot 63,2024-04-06T19:00:00Z,1,1
FL1,2023,28,Brest,Metz,2024-04-07T11:00:00Z,4,3
FL1,2023,28,Toulouse,Strasbourg,2024-04-07T13:00:00Z,0,0
FL1,2023,28,Montpellier,Lorient,2024-04-07T13:00:00Z,2,0
FL1,2023,28,Reims,Nice,2024-04-07T13:00:00Z,0,0
FL1,2023,28,Monaco,Rennes,2024-04-07T15:05:00Z,1,0
FL1,2023,28,Nantes,Lyon,2024-04-07T18:45:00Z,1,3
FL1,2023,29,Metz,Lens,2024-04-12T19:00:00Z,2,1
FL1,2023,29,Strasbourg,Reims,2024-04-13T15:00:00Z,3,1
FL1,2023,29,Rennes,Toulouse,2024-04-13T19:00:00Z,1,2
FL1,2023,29,Le Havre,Nantes,2024-04-14T11:00:00Z,0,1
FL1,2023,29,Clermont Foot 63,Montpellier,2024-04-14T13:00:00Z,1,1
FL1,2023,29,Lyon,Brest,2024-04-14T18:45:00Z,4,3
FL1,2023,30,Nice,Lorient,2024-04-19T19:00:00Z,3,0
FL1,2023,30,Nantes,Rennes,2024-04-20T15:00:00Z,0,3
FL1,2023,30,Lens,Clermont Foot 63,2024-04-20T19:00:00Z,1,0
FL1,2023,30,Le Havre,Metz,2024-04-21T13:00:00Z,0,1
FL1,2023,30,Lille,Strasbourg,2024-04-21T13:00:00Z,1,0
FL1,2023,30,Reims,Montpellier,2024-04-21T13:00:00Z,1,2
FL1,2023,30,Brest,Monaco,2024-04-21T15:05:00Z,0,2
FL1,2023,30,Toulouse,Marseille,2024-04-21T17:15:00Z,2,2
FL1,2023,30,PSG,Lyon,2024-04-21T19:00:00Z,4,1
FL1,2023,29,Lorient,PSG,2024-04-24T17:00:00Z,1,4
FL1,2023,29,Monaco,Lille,2024-04-24T19:00:00Z,1,0
FL1,2023,29,Marseille,Nice,2024-04-24T19:00:00Z,2,2
FL1,2023,31,Montpellier,Nantes,2024-04-26T19:00:00Z,1,1
FL1,2023,31,PSG,Le Havre,2024-04-27T19:00:00Z,3,3
FL1,2023,31,Metz,Lille,2024-04-28T11:00:00Z,1,2
FL1,2023,31,Clermont Foot 63,Reims,2024-04-28T13:00:00Z,4,1
FL1,2023,31,Lorient,Toulouse,2024-04-28T13:00:00Z,1,2
FL1,2023,31,Strasbourg,Nice,2024-04-28T13:00:00Z,1,3
FL1,2023,31,Rennes,Brest,2024-04-28T15:05:00Z,4,5
FL1,2023,31,Lyon,Monaco,2024-04-28T17:00:00Z,3,2
FL1,2023,31,Marseille,Lens,2024-04-28T19:00:00Z,2,1
FL1,2023,32,Toulouse,Montpellier,2024-05-03T17:00:00Z,1,2
FL1,2023,32,Lens,Lorient,2024-05-03T19:00:00Z,2,0
FL1,2023,32,Le Havre,Strasbourg,2024-05-04T13:00:00Z,3,1
FL1,2023,32,Monaco,Clermont Foot 63,2024-05-04T15:00:00Z,4,1
FL1,2023,32,Metz,Rennes,2024-05-04T17:00:00Z,2,3
FL1,2023,32,Brest,Nantes,2024-05-04T19:00:00Z,0,0
FL1,2023,32,Lille,Lyon,2024-05-06T19:00:00Z,3,4
FL1,2023,33,Nice,Le Havre,2024-05-10T19:00:00Z,1,0
FL1,2023,33,Brest,Reims,2024-05-10T19:00:00Z,1,1
FL1,2023,33,Clermont Foot 63,Lyon,2024-05-12T19:00:00Z,0,1
FL1,2023,33,Nantes,Lille,2024-05-12T19:00:00Z,1,2
FL1,2023,33,Montpellier,Monaco,2024-05-12T19:00:00Z,0,2
FL1,2023,33,Marseille,Lorient,2024-05-12T19:00:00Z,3,1
FL1,2023,33,PSG,Toulouse,2024-05-12T19:00:00Z,1,3
FL1,2023,33,Strasbourg,Metz,2024-05-12T19:00:00Z,2,1
FL1,2023,33,Rennes,Lens,2024-05-12T19:00:00Z,1,1
FL1,2023,32,Nice,PSG,2024-05-15T19:00:00Z,1,2
FL1,2023,32,Reims,Marseille,2024-05-15T19:00:00Z,1,0
FL1,2023,34,Le Havre,Marseille,2024-05-19T19:00:00Z,1,2
FL1,2023,34,Monaco,Nantes,2024-05-19T19:00:00Z,4,0
FL1,2023,34,Lorient,Clermont Foot 63,2024-05-19T19:00:00Z,5,0
FL1,2023,34,Metz,PSG,2024-05-19T19:00:00Z,0,2
FL1,2023,34,Toulouse,Brest,2024-05-19T19:00:00Z,0,3
FL1,2023,34,Lyon,Strasbourg,2024-05-19T19:00:00Z,2,1
FL1,2023,34,Lille,Nice,2024-05-19T19:00:00Z,2,2
FL1,2023,34,Lens,Montpellier,2024-05-19T19:00:00Z,2,2
FL1,2023,34,Reims,Rennes,2024-05-19T19:00:00Z,2,1
